Workbook

Sheet Field Players
A1: Result | B1: Points | E1: Round 1 | I1: Round 2 | M1: Round 3 | Q1: Round 4 | U1: Round 5 | Z1: Round 1 | AD1: Round 2 | AH1: Round 3 | AL1: Round 4 | AP1: Round 5 | AU1: Round 1 | AY1: Round 2 | BC1: Round 3 | BG1: Round 4 | BK1: Round 5 | BP1: Round 1 | BT1: Round 2 | BX1: Round 3 | CB1: Round 4 | CF1: Round 5 | CK1: Round 1 | CO1: Round 2 | CS1: Round 3 | CW1: Round 4 | DA1: Round 5 | DF1: Round 1 | DJ1: Round 2 | DN1: Round 3 | DR1: Round 4 | DV1: Round 5 | EA1: Round 1 | EE1: Round 2 | EI1: Round 3 | EM1: Round 4 | EQ1: Round 5 | EV1: Round 1 | EZ1: Round 2 | FD1: Round 3 | FH1: Round 4
A2: Win | B2: 3 | E2: Team | F2: Score | G2: Team | H2: Score | I2: Team | J2: Score | K2: Team | L2: Score | M2: Team | N2: Score | O2: Team | P2: Score | Q2: Team | R2: Score | S2: Team | T2: Score | U2: Team | V2: Score | W2: Team | X2: Score | Z2: Team | AA2: Score | AB2: Team | AC2: Score | AD2: Team | AE2: Score | AF2: Team | AG2: Score | AH2: Team | AI2: Score | AJ2: Team | AK2: Score | AL2: Team | AM2: Score | AN2: Team | AO2: Score | AP2: Team | AQ2: Score | AR2: Team | AS2: Score | AU2: Team | AV2: Score | AW2: Team | AX2: Score | AY2: Team | AZ2: Score | BA2: Team | BB2: Score | BC2: Team | BD2: Score | BE2: Team | BF2: Score | BG2: Team | BH2: Score | BI2: Team | BJ2: Score | BK2: Team | BL2: Score | BM2: Team | BN2: Score | BP2: Team | BQ2: Score | BR2: Team | BS2: Score | BT2: Team | BU2: Score | BV2: Team | BW2: Score | BX2: Team | BY2: Score | BZ2: Team | CA2: Score | CB2: Team | CC2: Score | CD2: Team | CE2: Score | CF2: Team | CG2: Score | CH2: Team | CI2: Score | CK2: Team | CL2: Score | CM2: Team | CN2: Score | CO2: Team | CP2: Score | CQ2: Team | CR2: Score | CS2: Team | CT2: Score | CU2: Team | CV2: Score | CW2: Team | CX2: Score | CY2: Team | CZ2: Score | DA2: Team | DB2: Score | DC2: Team | DD2: Score | DF2: Team | DG2: Score | DH2: Team | DI2: Score | DJ2: Team | DK2: Score | DL2: Team | DM2: Score | DN2: Team | DO2: Score | DP2: Team | DQ2: Score | DR2: Team | DS2: Score | DT2: Team | DU2: Score | DV2: Team | DW2: Score | DX2: Team | DY2: Score | EA2: Team | EB2: Score | EC2: Team | ED2: Score | EE2: Team | EF2: Score | EG2: Team | EH2: Score | EI2: Team | EJ2: Score | EK2: Team | EL2: Score | EM2: Team | EN2: Score | EO2: Team | EP2: Score | EQ2: Team | ER2: Score | ES2: Team | ET2: Score | EV2: Team | EW2: Score | EX2: Team | EY2: Score | EZ2: Team | FA2: Score | FB2: Team | FC2: Score | FD2: Team | FE2: Score | FF2: Team | FG2: Score | FH2: Team | FI2: Score | FJ2: Team | FK2: Score
A3: Tie | B3: 1 | E3: Pink | F3: 1 | G3: Blue | H3: 6 | I3: Pink | J3: 2 | K3: Blue | L3: 7 | M3: Pink | N3: 0 | O3: Blue | P3: 4 | Q3: Pink | R3: 2 | S3: Blue | T3: 5 | U3: Pink | V3: 6 | W3: Blue | X3: 0 | Z3: Pink | AA3: 3 | AB3: Blue | AC3: 5 | AD3: Pink | AE3: 3 | AF3: Blue | AG3: 1 | AH3: Pink | AI3: 3 | AJ3: Blue | AK3: 3 | AL3: Pink | AM3: 5 | AN3: Blue | AO3: 1 | AP3: Pink | AQ3: 3 | AR3: Blue | AS3: 9 | AU3: Pink | AV3: 4 | AW3: Blue | AX3: 5 | AY3: Pink | AZ3: 6 | BA3: Blue | BB3: 6 | BC3: Pink | BD3: 4 | BE3: Blue | BF3: 2 | BG3: Pink | BH3: 4 | BI3: Blue | BJ3: 2 | BK3: Pink | BL3: 7 | BM3: Blue | BN3: 1 | BP3: Pink | BQ3: 3 | BR3: Blue | BS3: 4 | BT3: Pink | BU3: 7 | BV3: Blue | BW3: 4 | BX3: Pink | BY3: 4 | BZ3: Blue | CA3: 7 | CB3: Pink | CC3: 8 | CD3: Blue | CE3: 2 | CF3: Pink | CG3: 3 | CH3: Blue | CI3: 2 | CK3: Pink | CL3: 1 | CM3: Blue | CN3: 4 | CO3: Pink | CP3: 1 | CQ3: Blue | CR3: 4 | CS3: Pink | CT3: 5 | CU3: Blue | CV3: 5 | CW3: Pink | CX3: 5 | CY3: Blue | CZ3: 2 | DA3: Pink | DB3: 6 | DC3: Blue | DD3: 2 | DF3: Pink | DG3: 3 | DH3: Blue | DI3: 5 | DJ3: Pink | DK3: 10 | DL3: Blue | DM3: 4 | DN3: Pink | DO3: 4 | DP3: Blue | DQ3: 2 | DR3: Pink | DS3: 6 | DT3: Blue | DU3: 3 | DV3: Pink | DW3: 3 | DX3: Blue | DY3: 6 | EA3: Pink | EB3: 8 | EC3: Blue | ED3: 8 | EE3: Pink | EF3: 5 | EG3: Blue | EH3: 1 | EI3: Pink | EJ3: 2 | EK3: Blue | EL3: 1 | EM3: Pink | EN3: 1 | EO3: Blue | EP3: 6 | EQ3: Pink | ER3: 3 | ES3: Blue | ET3: 5 | EV3: Pink | EW3: 1 | EX3: Blue | EY3: 5 | EZ3: Pink | FA3: 4 | FB3: Blue | FC3: 0 | FD3: Pink | FE3: 6 | FF3: Blue | FG3: 1 | FH3: Pink | FI3: 2 | FJ3: Blue | FK3: 6
A4: Loss | B4: 0 | E4: Yellow | F4: 3 | G4: Jerseys | H4: 1 | I4: Yellow | J4: 7 | K4: Jerseys | L4: 1 | M4: Yellow | N4: 4 | O4: Jerseys | P4: 2 | Q4: Yellow | R4: 3 | S4: Jerseys | T4: 6 | U4: Yellow | V4: 5 | W4: Jerseys | X4: 3 | Z4: Yellow | AA4: 3 | AB4: Jerseys | AC4: 5 | AD4: Yellow | AE4: 4 | AF4: Jerseys | AG4: 6 | AH4: Yellow | AI4: 1 | AJ4: Jerseys | AK4: 3 | AL4: Yellow | AM4: 4 | AN4: Jerseys | AO4: 4 | AP4: Yellow | AQ4: 5 | AR4: Jerseys | AS4: 3 | AU4: Yellow | AV4: 5 | AW4: Jerseys | AX4: 1 | AY4: Yellow | AZ4: 8 | BA4: Jerseys | BB4: 0 | BC4: Yellow | BD4: 2 | BE4: Jerseys | BF4: 2 | BG4: Yellow | BH4: 6 | BI4: Jerseys | BJ4: 3 | BK4: Yellow | BL4: 5 | BM4: Jerseys | BN4: 6 | BP4: Yellow | BQ4: 5 | BR4: Jerseys | BS4: 1 | BT4: Yellow | BU4: 5 | BV4: Jerseys | BW4: 1 | BX4: Yellow | BY4: 5 | BZ4: Jerseys | CA4: 7 | CB4: Yellow | CC4: 0 | CD4: Jerseys | CE4: 7 | CF4: Yellow | CG4: 0 | CH4: Jerseys | CI4: 1 | CK4: Yellow | CL4: 2 | CM4: Jerseys | CN4: 4 | CO4: Yellow | CP4: 1 | CQ4: Jerseys | CR4: 2 | CS4: Yellow | CT4: 2 | CU4: Jerseys | CV4: 4 | CW4: Yellow | CX4: 9 | CY4: Jerseys | CZ4: 2 | DA4: Yellow | DB4: 6 | DC4: Jerseys | DD4: 6 | DF4: Yellow | DG4: 4 | DH4: Jerseys | DI4: 5 | DJ4: Yellow | DK4: 3 | DL4: Jerseys | DM4: 4 | DN4: Yellow | DO4: 5 | DP4: Jerseys | DQ4: 3 | DR4: Yellow | DS4: 2 | DT4: Jerseys | DU4: 4 | DV4: Yellow | DW4: 7 | DX4: Jerseys | DY4: 4 | EA4: Yellow | EB4: 4 | EC4: Jerseys | ED4: 4 | EE4: Yellow | EF4: 2 | EG4: Jerseys | EH4: 5 | EI4: Yellow | EJ4: 2 | EK4: Jerseys | EL4: 5 | EM4: Yellow | EN4: 2 | EO4: Jerseys | EP4: 2 | EQ4: Yellow | ER4: 1 | ES4: Jerseys | ET4: 6 | EV4: Yellow | EW4: 4 | EX4: Jerseys | EY4: 4 | EZ4: Yellow | FA4: 2 | FB4: Jerseys | FC4: 5 | FD4: Yellow | FE4: 2 | FF4: Jerseys | FG4: 5 | FH4: Yellow | FI4: 2 | FJ4: Jerseys | FK4: 2
A5: Goals | B5: plus 1 per
Y6: Day 1 | AT6: Day 2 | BO6: Day 3 | CJ6: Day 4 | DE6: Day 5 | DZ6: Day 6 | EU6: Day 7 | FL6: Day 8
A7: LAST | B7: FIRST | C7: Avg Goals/Game | D7: Avg Pts/Gamr | E7: Team | F7: Team Pts | G7: Goals | H7: Total | I7: Team | J7: Team Pts | K7: Goals | L7: Total | M7: Team | N7: Team Pts | O7: Goals | P7: Total | Q7: Team | R7: Team Pts | S7: Goals | T7: Total | U7: Team | V7: Team Pts | W7: Goals | X7: Total | Y7: Total On Day | Z7: Team | AA7: Team Pts | AB7: Goals | AC7: Total | AD7: Team | AE7: Team Pts | AF7: Goals | AG7: Total | AH7: Team | AI7: Team Pts | AJ7: Goals | AK7: Total | AL7: Team | AM7: Team Pts | AN7: Goals | AO7: Total | AP7: Team | AQ7: Team Pts | AR7: Goals | AS7: Total | AT7: Total On Day | AU7: Team | AV7: Team Pts | AW7: Goals | AX7: Total | AY7: Team | AZ7: Team Pts | BA7: Goals | BB7: Total | BC7: Team | BD7: Team Pts | BE7: Goals | BF7: Total | BG7: Team | BH7: Team Pts | BI7: Goals | BJ7: Total | BK7: Team | BL7: Team Pts | BM7: Goals | BN7: Total | BO7: Total On Day | BP7: Team | BQ7: Team Pts | BR7: Goals | BS7: Total | BT7: Team | BU7: Team Pts | BV7: Goals | BW7: Total | BX7: Team | BY7: Team Pts | BZ7: Goals | CA7: Total | CB7: Team | CC7: Team Pts | CD7: Goals | CE7: Total | CF7: Team | CG7: Team Pts | CH7: Goals | CI7: Total | CJ7: Total On Day | CK7: Team | CL7: Team Pts | CM7: Goals | CN7: Total | CO7: Team | CP7: Team Pts | CQ7: Goals | CR7: Total | CS7: Team | CT7: Team Pts | CU7: Goals | CV7: Total | CW7: Team | CX7: Team Pts | CY7: Goals | CZ7: Total | DA7: Team | DB7: Team Pts | DC7: Goals | DD7: Total | DE7: Total On Day | DF7: Team | DG7: Team Pts | DH7: Goals | DI7: Total | DJ7: Team | DK7: Team Pts | DL7: Goals | DM7: Total | DN7: Team | DO7: Team Pts | DP7: Goals | DQ7: Total | DR7: Team | DS7: Team Pts | DT7: Goals | DU7: Total | DV7: Team | DW7: Team Pts | DX7: Goals | DY7: Total | DZ7: Total On Day | EA7: Team | EB7: Team Pts | EC7: Goals | ED7: Total | EE7: Team | EF7: Team Pts | EG7: Goals | EH7: Total | EI7: Team | EJ7: Team Pts | EK7: Goals | EL7: Total | EM7: Team | EN7: Team Pts | EO7: Goals | EP7: Total | EQ7: Team | ER7: Team Pts | ES7: Goals | ET7: Total | EU7: Total On Day | EV7: Team | EW7: Team Pts | EX7: Goals | EY7: Total | EZ7: Team | FA7: Team Pts | FB7: Goals | FC7: Total | FD7: Team | FE7: Team Pts | FF7: Goals | FG7: Total | FH7: Team | FI7: Team Pts | FJ7: Goals | FK7: Total | FL7: Total On Day
A8: Barnhart | B8: Elly | C8: =AVERAGEIF($7:$7,"Goals",8:8) -> 0.24242424 | D8: =VALUE(AVERAGEIF($E$7:$ZZ$7,"Team Pts",$E8:$ZZ8)) -> 1.5151515 | E8: Pink | F8: =IF(OR(H$3="", H$4=""),"", IF(E8=E$3, IF(F$3=H$3, B$3, IF(F$3>H$3, B$2, B$4)), IF(E8=G$3, IF(H$3=F$3, B$3, IF(H$3>F$3, B$2, B$4)), IF(E8=E$4, IF(F$4=H$4, B$3, IF(F$4>H$4, B$2, B$4)), IF(E8=G$4, IF(H$4=F$4, B$3, IF(H$4>F$4, B$2, B$4)), ""))))) -> 0 | G8: 1 | H8: =SUM(F8,G8) -> 1 | I8: Pink | J8: =IF(OR(L$3="", L$4=""),"", IF(I8=I$3, IF(J$3=L$3, B$3, IF(J$3>L$3, B$2, B$4)), IF(I8=K$3, IF(L$3=J$3, B$3, IF(L$3>J$3, B$2, B$4)), IF(I8=I$4, IF(J$4=L$4, B$3, IF(J$4>L$4, B$2, B$4)), IF(I8=K$4, IF(L$4=J$4, B$3, IF(L$4>J$4, B$2, B$4)), ""))))) -> 0 | K8: 0 | L8: =SUM(J8,K8) -> 0 | M8: Pink | N8: =IF(OR(P$3="", P$4=""),"", IF(M8=M$3, IF(N$3=P$3, B$3, IF(N$3>P$3, B$2, B$4)), IF(M8=O$3, IF(P$3=N$3, B$3, IF(P$3>N$3, B$2, B$4)), IF(M8=M$4, IF(N$4=P$4, B$3, IF(N$4>P$4, B$2, B$4)), IF(M8=O$4, IF(P$4=N$4, B$3, IF(P$4>N$4, B$2, B$4)), ""))))) -> 0 | O8: 0 | P8: =SUM(N8,O8) -> 0 | Q8: Jerseys | R8: =IF(OR(T$3="", T$4=""),"", IF(Q8=Q$3, IF(R$3=T$3, B$3, IF(R$3>T$3, B$2, B$4)), IF(Q8=S$3, IF(T$3=R$3, B$3, IF(T$3>R$3, B$2, B$4)), IF(Q8=Q$4, IF(R$4=T$4, B$3, IF(R$4>T$4, B$2, B$4)), IF(Q8=S$4, IF(T$4=R$4, B$3, IF(T$4>R$4, B$2, B$4)), ""))))) -> 3 | S8: 0 | T8: =SUM(R8,S8) -> 3 | U8: Blue | V8: =IF(OR(X$3="", X$4=""),"", IF(U8=U$3, IF(V$3=X$3, B$3, IF(V$3>X$3, B$2, B$4)), IF(U8=W$3, IF(X$3=V$3, B$3, IF(X$3>V$3, B$2, B$4)), IF(U8=U$4, IF(V$4=X$4, B$3, IF(V$4>X$4, B$2, B$4)), IF(U8=W$4, IF(X$4=V$4, B$3, IF(X$4>V$4, B$2, B$4)), ""))))) -> 0 | W8: 0 | X8: =SUM(V8,W8) -> 0 | Y8: =SUM(H8,L8,P8,T8,X8) -> 4 | Z8: Blue | AA8: =IF(Z8="Out", VALUE($D8), IF(OR(AC$3="", AC$4=""),"", IF(Z8=Z$3, IF(AA$3=AC$3, $B$3, IF(AA$3>AC$3, $B$2, $B$4)), IF(Z8=AB$3, IF(AC$3=AA$3, $B$3, IF(AC$3>AA$3, $B$2, $B$4)), IF(Z8=Z$4, IF(AA$4=AC$4, $B$3, IF(AA$4>AC$4, $B$2, $B$4)), IF(Z8=AB$4, IF(AC$4=AA$4, $B$3, IF(AC$4>AA$4, $B$2, $B$4)), "")))))) -> 3 | AB8: 0 | AC8: =SUM(AA8,AB8) -> 3 | AD8: Jerseys | AE8: =IF(AD8="Out", VALUE($D8), IF(OR(AG$3="", AG$4=""),"", IF(AD8=AD$3, IF(AE$3=AG$3, $B$3, IF(AE$3>AG$3, $B$2, $B$4)), IF(AD8=AF$3, IF(AG$3=AE$3, $B$3, IF(AG$3>AE$3, $B$2, $B$4)), IF(AD8=AD$4, IF(AE$4=AG$4, $B$3, IF(AE$4>AG$4, $B$2, $B$4)), IF(AD8=AF$4, IF(AG$4=AE$4, $B$3, IF(AG$4>AE$4, $B$2, $B$4)), "")))))) -> 3 | AF8: 0 | AG8: =SUM(AE8,AF8) -> 3 | AH8: Pink | AI8: =IF(OR(AK$3="", AK$4=""),"", IF(AH8=AH$3, IF(AI$3=AK$3, $B$3, IF(AI$3>AK$3, $B$2, $B$4)), IF(AH8=AJ$3, IF(AK$3=AI$3, $B$3, IF(AK$3>AI$3, $B$2, $B$4)), IF(AH8=AH$4, IF(AI$4=AK$4, $B$3, IF(AI$4>AK$4, $B$2, $B$4)), IF(AH8=AJ$4, IF(AK$4=AI$4, $B$3, IF(AK$4>AI$4, $B$2, $B$4)), ""))))) -> 1 | AJ8: 0 | AK8: =SUM(AI8,AJ8) -> 1 | AL8: Yellow | AM8: =IF(OR(AO$3="", AO$4=""),"", IF(AL8=AL$3, IF(AM$3=AO$3, $B$3, IF(AM$3>AO$3, $B$2, $B$4)), IF(AL8=AN$3, IF(AO$3=AM$3, $B$3, IF(AO$3>AM$3, $B$2, $B$4)), IF(AL8=AL$4, IF(AM$4=AO$4, $B$3, IF(AM$4>AO$4, $B$2, $B$4)), IF(AL8=AN$4, IF(AO$4=AM$4, $B$3, IF(AO$4>AM$4, $B$2, $B$4)), ""))))) -> 1 | AN8: 0 | AO8: =SUM(AM8,AN8) -> 1 | AP8: Out | AQ8: =IF(AP8="Out", VALUE($D8), IF(OR(AS$3="", AS$4=""),"", IF(AP8=AP$3, IF(AQ$3=AS$3, $B$3, IF(AQ$3>AS$3, $B$2, $B$4)), IF(AP8=AR$3, IF(AS$3=AQ$3, $B$3, IF(AS$3>AQ$3, $B$2, $B$4)), IF(AP8=AP$4, IF(AQ$4=AS$4, $B$3, IF(AQ$4>AS$4, $B$2, $B$4)), IF(AP8=AR$4, IF(AS$4=AQ$4, $B$3, IF(AS$4>AQ$4, $B$2, $B$4)), "")))))) -> 1.5151515 | AR8: =IF(AP8="Out", $C8) -> 0.24242424 | AS8: =SUM(AQ8,AR8) -> 1.7575758 | AT8: =SUM(AC8,AG8,AK8,AO8,AS8) -> 9.7575758 | AU8: Jerseys | AV8: =IF(AU8="Out", VALUE($D8), IF(OR(AX$3="", AX$4=""),"", IF(AU8=AU$3, IF(AV$3=AX$3, $B$3, IF(AV$3>AX$3, $B$2, $B$4)), IF(AU8=AW$3, IF(AX$3=AV$3, $B$3, IF(AX$3>AV$3, $B$2, $B$4)), IF(AU8=AU$4, IF(AV$4=AX$4, $B$3, IF(AV$4>AX$4, $B$2, $B$4)), IF(AU8=AW$4, IF(AX$4=AV$4, $B$3, IF(AX$4>AV$4, $B$2, $B$4)), "")))))) -> 0 | AW8: 1 | AX8: =SUM(AV8,AW8) -> 1 | AY8: Pink | AZ8: =IF(AY8="Out", VALUE($D8), IF(OR(BB$3="", BB$4=""),"", IF(AY8=AY$3, IF(AZ$3=BB$3, $B$3, IF(AZ$3>BB$3, $B$2, $B$4)), IF(AY8=BA$3, IF(BB$3=AZ$3, $B$3, IF(BB$3>AZ$3, $B$2, $B$4)), IF(AY8=AY$4, IF(AZ$4=BB$4, $B$3, IF(AZ$4>BB$4, $B$2, $B$4)), IF(AY8=BA$4, IF(BB$4=AZ$4, $B$3, IF(BB$4>AZ$4, $B$2, $B$4)), "")))))) -> 1 | BA8: 0 | BB8: =SUM(AZ8,BA8) -> 1 | BC8: Yellow | BD8: =IF(BC8="Out", VALUE($D8), IF(OR(BF$3="", BF$4=""),"", IF(BC8=BC$3, IF(BD$3=BF$3, $B$3, IF(BD$3>BF$3, $B$2, $B$4)), IF(BC8=BE$3, IF(BF$3=BD$3, $B$3, IF(BF$3>BD$3, $B$2, $B$4)), IF(BC8=BC$4, IF(BD$4=BF$4, $B$3, IF(BD$4>BF$4, $B$2, $B$4)), IF(BC8=BE$4, IF(BF$4=BD$4, $B$3, IF(BF$4>BD$4, $B$2, $B$4)), "")))))) -> 1 | BE8: 0 | BF8: =SUM(BD8,BE8) -> 1 | BG8: Blue | BH8: =IF(BG8="Out", VALUE($D8), IF(OR(BJ$3="", BJ$4=""),"", IF(BG8=BG$3, IF(BH$3=BJ$3, $B$3, IF(BH$3>BJ$3, $B$2, $B$4)), IF(BG8=BI$3, IF(BJ$3=BH$3, $B$3, IF(BJ$3>BH$3, $B$2, $B$4)), IF(BG8=BG$4, IF(BH$4=BJ$4, $B$3, IF(BH$4>BJ$4, $B$2, $B$4)), IF(BG8=BI$4, IF(BJ$4=BH$4, $B$3, IF(BJ$4>BH$4, $B$2, $B$4)), "")))))) -> 0 | BI8: 0 | BJ8: =SUM(BH8,BI8) -> 0 | BK8: Blue | BL8: =IF(BK8="Out", VALUE($D8), IF(OR(BN$3="", BN$4=""),"", IF(BK8=BK$3, IF(BL$3=BN$3, $B$3, IF(BL$3>BN$3, $B$2, $B$4)), IF(BK8=BM$3, IF(BN$3=BL$3, $B$3, IF(BN$3>BL$3, $B$2, $B$4)), IF(BK8=BK$4, IF(BL$4=BN$4, $B$3, IF(BL$4>BN$4, $B$2, $B$4)), IF(BK8=BM$4, IF(BN$4=BL$4, $B$3, IF(BN$4>BL$4, $B$2, $B$4)), "")))))) -> 0 | BM8: 0 | BN8: =SUM(BL8,BM8) -> 0 | BO8: =SUM(AX8,BB8,BF8,BJ8,BN8) -> 3 | BP8: Jerseys | BQ8: =IF(BP8="Out", VALUE($D8), IF(OR(BS$3="", BS$4=""),"", IF(BP8=BP$3, IF(BQ$3=BS$3, $B$3, IF(BQ$3>BS$3, $B$2, $B$4)), IF(BP8=BR$3, IF(BS$3=BQ$3, $B$3, IF(BS$3>BQ$3, $B$2, $B$4)), IF(BP8=BP$4, IF(BQ$4=BS$4, $B$3, IF(BQ$4>BS$4, $B$2, $B$4)), IF(BP8=BR$4, IF(BS$4=BQ$4, $B$3, IF(BS$4>BQ$4, $B$2, $B$4)), "")))))) -> 0 | BR8: 0 | BS8: =SUM(BQ8,BR8) -> 0 | BT8: Pink | BU8: =IF(BT8="Out", VALUE($D8), IF(OR(BW$3="", BW$4=""),"", IF(BT8=BT$3, IF(BU$3=BW$3, $B$3, IF(BU$3>BW$3, $B$2, $B$4)), IF(BT8=BV$3, IF(BW$3=BU$3, $B$3, IF(BW$3>BU$3, $B$2, $B$4)), IF(BT8=BT$4, IF(BU$4=BW$4, $B$3, IF(BU$4>BW$4, $B$2, $B$4)), IF(BT8=BV$4, IF(BW$4=BU$4, $B$3, IF(BW$4>BU$4, $B$2, $B$4)), "")))))) -> 3 | BV8: 0 | BW8: =SUM(BU8,BV8) -> 3 | BX8: Jerseys | BY8: =IF(BX8="Out", VALUE($D8), IF(OR(CA$3="", CA$4=""),"", IF(BX8=BX$3, IF(BY$3=CA$3, $B$3, IF(BY$3>CA$3, $B$2, $B$4)), IF(BX8=BZ$3, IF(CA$3=BY$3, $B$3, IF(CA$3>BY$3, $B$2, $B$4)), IF(BX8=BX$4, IF(BY$4=CA$4, $B$3, IF(BY$4>CA$4, $B$2, $B$4)), IF(BX8=BZ$4, IF(CA$4=BY$4, $B$3, IF(CA$4>BY$4, $B$2, $B$4)), "")))))) -> 3 | BZ8: 1 | CA8: =SUM(BY8,BZ8) -> 4 | CB8: Blue | CC8: =IF(CB8="Out", VALUE($D8), IF(OR(CE$3="", CE$4=""),"", IF(CB8=CB$3, IF(CC$3=CE$3, $B$3, IF(CC$3>CE$3, $B$2, $B$4)), IF(CB8=CD$3, IF(CE$3=CC$3, $B$3, IF(CE$3>CC$3, $B$2, $B$4)), IF(CB8=CB$4, IF(CC$4=CE$4, $B$3, IF(CC$4>CE$4, $B$2, $B$4)), IF(CB8=CD$4, IF(CE$4=CC$4, $B$3, IF(CE$4>CC$4, $B$2, $B$4)), "")))))) -> 0 | CD8: 1 | CE8: =SUM(CC8,CD8) -> 1 | CF8: Jerseys | CG8: =IF(CF8="Out", VALUE($D8), IF(OR(CI$3="", CI$4=""),"", IF(CF8=CF$3, IF(CG$3=CI$3, $B$3, IF(CG$3>CI$3, $B$2, $B$4)), IF(CF8=CH$3, IF(CI$3=CG$3, $B$3, IF(CI$3>CG$3, $B$2, $B$4)), IF(CF8=CF$4, IF(CG$4=CI$4, $B$3, IF(CG$4>CI$4, $B$2, $B$4)), IF(CF8=CH$4, IF(CI$4=CG$4, $B$3, IF(CI$4>CG$4, $B$2, $B$4)), "")))))) -> 3 | CH8: 1 | CI8: =SUM(CG8,CH8) -> 4 | CJ8: =SUM(BS8,BW8,CA8,CE8,CI8) -> 12 | CK8: Out | CL8: =IF(CK8="Out", VALUE($D8), IF(OR(CN$3="", CN$4=""),"", IF(CK8=CK$3, IF(CL$3=CN$3, $B$3, IF(CL$3>CN$3, $B$2, $B$4)), IF(CK8=CM$3, IF(CN$3=CL$3, $B$3, IF(CN$3>CL$3, $B$2, $B$4)), IF(CK8=CK$4, IF(CL$4=CN$4, $B$3, IF(CL$4>CN$4, $B$2, $B$4)), IF(CK8=CM$4, IF(CN$4=CL$4, $B$3, IF(CN$4>CL$4, $B$2, $B$4)), "")))))) -> 1.5151515 | CM8: =IF(CK8="Out", $C8) -> 0.24242424 | CN8: =SUM(CL8,CM8) -> 1.7575758 | CO8: Out | CP8: =IF(CO8="Out", VALUE($D8), IF(OR(CR$3="", CR$4=""),"", IF(CO8=CO$3, IF(CP$3=CR$3, $B$3, IF(CP$3>CR$3, $B$2, $B$4)), IF(CO8=CQ$3, IF(CR$3=CP$3, $B$3, IF(CR$3>CP$3, $B$2, $B$4)), IF(CO8=CO$4, IF(CP$4=CR$4, $B$3, IF(CP$4>CR$4, $B$2, $B$4)), IF(CO8=CQ$4, IF(CR$4=CP$4, $B$3, IF(CR$4>CP$4, $B$2, $B$4)), "")))))) -> 1.5151515 | CQ8: =IF(CO8="Out", $C8) -> 0.24242424 | CR8: =SUM(CP8,CQ8) -> 1.7575758 | CS8: Out | CT8: =IF(CS8="Out", VALUE($D8), IF(OR(CV$3="", CV$4=""),"", IF(CS8=CS$3, IF(CT$3=CV$3, $B$3, IF(CT$3>CV$3, $B$2, $B$4)), IF(CS8=CU$3, IF(CV$3=CT$3, $B$3, IF(CV$3>CT$3, $B$2, $B$4)), IF(CS8=CS$4, IF(CT$4=CV$4, $B$3, IF(CT$4>CV$4, $B$2, $B$4)), IF(CS8=CU$4, IF(CV$4=CT$4, $B$3, IF(CV$4>CT$4, $B$2, $B$4)), "")))))) -> 1.5151515 | CU8: =IF(CS8="Out", $C8) -> 0.24242424 | CV8: =SUM(CT8,CU8) -> 1.7575758 | CW8: Out | CX8: =IF(CW8="Out", VALUE($D8), IF(OR(CZ$3="", CZ$4=""),"", IF(CW8=CW$3, IF(CX$3=CZ$3, $B$3, IF(CX$3>CZ$3, $B$2, $B$4)), IF(CW8=CY$3, IF(CZ$3=CX$3, $B$3, IF(CZ$3>CX$3, $B$2, $B$4)), IF(CW8=CW$4, IF(CX$4=CZ$4, $B$3, IF(CX$4>CZ$4, $B$2, $B$4)), IF(CW8=CY$4, IF(CZ$4=CX$4, $B$3, IF(CZ$4>CX$4, $B$2, $B$4)), "")))))) -> 1.5151515 | CY8: =IF(CW8="Out", $C8) -> 0.24242424 | CZ8: =SUM(CX8,CY8) -> 1.7575758 | DA8: Out | DB8: =IF(DA8="Out", VALUE($D8), IF(OR(DD$3="", DD$4=""),"", IF(DA8=DA$3, IF(DB$3=DD$3, $B$3, IF(DB$3>DD$3, $B$2, $B$4)), IF(DA8=DC$3, IF(DD$3=DB$3, $B$3, IF(DD$3>DB$3, $B$2, $B$4)), IF(DA8=DA$4, IF(DB$4=DD$4, $B$3, IF(DB$4>DD$4, $B$2, $B$4)), IF(DA8=DC$4, IF(DD$4=DB$4, $B$3, IF(DD$4>DB$4, $B$2, $B$4)), "")))))) -> 1.5151515 | DC8: =IF(DA8="Out", $C8) -> 0.24242424 | DD8: =SUM(DB8,DC8) -> 1.7575758 | DE8: =SUM(CN8,CR8,CV8,CZ8,DD8) -> 8.7878788 | DF8: Blue | DG8: =IF(DF8="Out", VALUE($D8), IF(OR(DI$3="", DI$4=""),"", IF(DF8=DF$3, IF(DG$3=DI$3, $B$3, IF(DG$3>DI$3, $B$2, $B$4)), IF(DF8=DH$3, IF(DI$3=DG$3, $B$3, IF(DI$3>DG$3, $B$2, $B$4)), IF(DF8=DF$4, IF(DG$4=DI$4, $B$3, IF(DG$4>DI$4, $B$2, $B$4)), IF(DF8=DH$4, IF(DI$4=DG$4, $B$3, IF(DI$4>DG$4, $B$2, $B$4)), "")))))) -> 3 | DH8: 0 | DI8: =SUM(DG8,DH8) -> 3 | DJ8: Pink | DK8: =IF(DJ8="Out", VALUE($D8), IF(OR(DM$3="", DM$4=""),"", IF(DJ8=DJ$3, IF(DK$3=DM$3, $B$3, IF(DK$3>DM$3, $B$2, $B$4)), IF(DJ8=DL$3, IF(DM$3=DK$3, $B$3, IF(DM$3>DK$3, $B$2, $B$4)), IF(DJ8=DJ$4, IF(DK$4=DM$4, $B$3, IF(DK$4>DM$4, $B$2, $B$4)), IF(DJ8=DL$4, IF(DM$4=DK$4, $B$3, IF(DM$4>DK$4, $B$2, $B$4)), "")))))) -> 3 | DL8: 1 | DM8: =SUM(DK8,DL8) -> 4 | DN8: Yellow | DO8: =IF(DN8="Out", VALUE($D8), IF(OR(DQ$3="", DQ$4=""),"", IF(DN8=DN$3, IF(DO$3=DQ$3, $B$3, IF(DO$3>DQ$3, $B$2, $B$4)), IF(DN8=DP$3, IF(DQ$3=DO$3, $B$3, IF(DQ$3>DO$3, $B$2, $B$4)), IF(DN8=DN$4, IF(DO$4=DQ$4, $B$3, IF(DO$4>DQ$4, $B$2, $B$4)), IF(DN8=DP$4, IF(DQ$4=DO$4, $B$3, IF(DQ$4>DO$4, $B$2, $B$4)), "")))))) -> 3 | DP8: 0 | DQ8: =SUM(DO8,DP8) -> 3 | DR8: Pink | DS8: =IF(DR8="Out", VALUE($D8), IF(OR(DU$3="", DU$4=""),"", IF(DR8=DR$3, IF(DS$3=DU$3, $B$3, IF(DS$3>DU$3, $B$2, $B$4)), IF(DR8=DT$3, IF(DU$3=DS$3, $B$3, IF(DU$3>DS$3, $B$2, $B$4)), IF(DR8=DR$4, IF(DS$4=DU$4, $B$3, IF(DS$4>DU$4, $B$2, $B$4)), IF(DR8=DT$4, IF(DU$4=DS$4, $B$3, IF(DU$4>DS$4, $B$2, $B$4)), "")))))) -> 3 | DT8: 0 | DU8: =SUM(DS8,DT8) -> 3 | DV8: Yellow | DW8: =IF(DV8="Out", VALUE($D8), IF(OR(DY$3="", DY$4=""),"", IF(DV8=DV$3, IF(DW$3=DY$3, $B$3, IF(DW$3>DY$3, $B$2, $B$4)), IF(DV8=DX$3, IF(DY$3=DW$3, $B$3, IF(DY$3>DW$3, $B$2, $B$4)), IF(DV8=DV$4, IF(DW$4=DY$4, $B$3, IF(DW$4>DY$4, $B$2, $B$4)), IF(DV8=DX$4, IF(DY$4=DW$4, $B$3, IF(DY$4>DW$4, $B$2, $B$4)), "")))))) -> 3 | DX8: 0 | DY8: =SUM(DW8,DX8) -> 3 | DZ8: =SUM(DI8,DM8,DQ8,DU8,DY8) -> 16 | EA8: Jerseys | EB8: =IF(EA8="Out", VALUE($D8), IF(OR(ED$3="", ED$4=""),"", IF(EA8=EA$3, IF(EB$3=ED$3, $B$3, IF(EB$3>ED$3, $B$2, $B$4)), IF(EA8=EC$3, IF(ED$3=EB$3, $B$3, IF(ED$3>EB$3, $B$2, $B$4)), IF(EA8=EA$4, IF(EB$4=ED$4, $B$3, IF(EB$4>ED$4, $B$2, $B$4)), IF(EA8=EC$4, IF(ED$4=EB$4, $B$3, IF(ED$4>EB$4, $B$2, $B$4)), "")))))) -> 1 | EC8: 0 | ED8: =SUM(EB8,EC8) -> 1 | EE8: Pink | EF8: =IF(EE8="Out", VALUE($D8), IF(OR(EH$3="", EH$4=""),"", IF(EE8=EE$3, IF(EF$3=EH$3, $B$3, IF(EF$3>EH$3, $B$2, $B$4)), IF(EE8=EG$3, IF(EH$3=EF$3, $B$3, IF(EH$3>EF$3, $B$2, $B$4)), IF(EE8=EE$4, IF(EF$4=EH$4, $B$3, IF(EF$4>EH$4, $B$2, $B$4)), IF(EE8=EG$4, IF(EH$4=EF$4, $B$3, IF(EH$4>EF$4, $B$2, $B$4)), "")))))) -> 3 | EG8: 0 | EH8: =SUM(EF8,EG8) -> 3 | EI8: Blue | EJ8: =IF(EI8="Out", VALUE($D8), IF(OR(EL$3="", EL$4=""),"", IF(EI8=EI$3, IF(EJ$3=EL$3, $B$3, IF(EJ$3>EL$3, $B$2, $B$4)), IF(EI8=EK$3, IF(EL$3=EJ$3, $B$3, IF(EL$3>EJ$3, $B$2, $B$4)), IF(EI8=EI$4, IF(EJ$4=EL$4, $B$3, IF(EJ$4>EL$4, $B$2, $B$4)), IF(EI8=EK$4, IF(EL$4=EJ$4, $B$3, IF(EL$4>EJ$4, $B$2, $B$4)), "")))))) -> 0 | EK8: 0 | EL8: =SUM(EJ8,EK8) -> 0 | EM8: Pink | EN8: =IF(EM8="Out", VALUE($D8), IF(OR(EP$3="", EP$4=""),"", IF(EM8=EM$3, IF(EN$3=EP$3, $B$3, IF(EN$3>EP$3, $B$2, $B$4)), IF(EM8=EO$3, IF(EP$3=EN$3, $B$3, IF(EP$3>EN$3, $B$2, $B$4)), IF(EM8=EM$4, IF(EN$4=EP$4, $B$3, IF(EN$4>EP$4, $B$2, $B$4)), IF(EM8=EO$4, IF(EP$4=EN$4, $B$3, IF(EP$4>EN$4, $B$2, $B$4)), "")))))) -> 0 | EO8: 0 | EP8: =SUM(EN8,EO8) -> 0 | EQ8: Jerseys | ER8: =IF(EQ8="Out", VALUE($D8), IF(OR(ET$3="", ET$4=""),"", IF(EQ8=EQ$3, IF(ER$3=ET$3, $B$3, IF(ER$3>ET$3, $B$2, $B$4)), IF(EQ8=ES$3, IF(ET$3=ER$3, $B$3, IF(ET$3>ER$3, $B$2, $B$4)), IF(EQ8=EQ$4, IF(ER$4=ET$4, $B$3, IF(ER$4>ET$4, $B$2, $B$4)), IF(EQ8=ES$4, IF(ET$4=ER$4, $B$3, IF(ET$4>ER$4, $B$2, $B$4)), "")))))) -> 3 | ES8: 1 | ET8: =SUM(ER8,ES8) -> 4 | EU8: =SUM(ED8,EH8,EL8,EP8,ET8) -> 8 | EV8: Blue | EW8: =IF(EV8="Out", VALUE($D8), IF(OR(EY$3="", EY$4=""),"", IF(EV8=EV$3, IF(EW$3=EY$3, $B$3, IF(EW$3>EY$3, $B$2, $B$4)), IF(EV8=EX$3, IF(EY$3=EW$3, $B$3, IF(EY$3>EW$3, $B$2, $B$4)), IF(EV8=EV$4, IF(EW$4=EY$4, $B$3, IF(EW$4>EY$4, $B$2, $B$4)), IF(EV8=EX$4, IF(EY$4=EW$4, $B$3, IF(EY$4>EW$4, $B$2, $B$4)), "")))))) -> 3 | EX8: 0 | EY8: =SUM(EW8,EX8) -> 3 | EZ8: Blue | FA8: =IF(EZ8="Out", VALUE($D8), IF(OR(FC$3="", FC$4=""),"", IF(EZ8=EZ$3, IF(FA$3=FC$3, $B$3, IF(FA$3>FC$3, $B$2, $B$4)), IF(EZ8=FB$3, IF(FC$3=FA$3, $B$3, IF(FC$3>FA$3, $B$2, $B$4)), IF(EZ8=EZ$4, IF(FA$4=FC$4, $B$3, IF(FA$4>FC$4, $B$2, $B$4)), IF(EZ8=FB$4, IF(FC$4=FA$4, $B$3, IF(FC$4>FA$4, $B$2, $B$4)), "")))))) -> 0 | FB8: 0 | FC8: =SUM(FA8,FB8) -> 0 | FD8: Yellow | FE8: =IF(FD8="Out", VALUE($D8), IF(OR(FG$3="", FG$4=""),"", IF(FD8=FD$3, IF(FE$3=FG$3, $B$3, IF(FE$3>FG$3, $B$2, $B$4)), IF(FD8=FF$3, IF(FG$3=FE$3, $B$3, IF(FG$3>FE$3, $B$2, $B$4)), IF(FD8=FD$4, IF(FE$4=FG$4, $B$3, IF(FE$4>FG$4, $B$2, $B$4)), IF(FD8=FF$4, IF(FG$4=FE$4, $B$3, IF(FG$4>FE$4, $B$2, $B$4)), "")))))) -> 0 | FF8: 0 | FG8: =SUM(FE8,FF8) -> 0 | FH8: Blue | FI8: =IF(FH8="Out", VALUE($D8), IF(OR(FK$3="", FK$4=""),"", IF(FH8=FH$3, IF(FI$3=FK$3, $B$3, IF(FI$3>FK$3, $B$2, $B$4)), IF(FH8=FJ$3, IF(FK$3=FI$3, $B$3, IF(FK$3>FI$3, $B$2, $B$4)), IF(FH8=FH$4, IF(FI$4=FK$4, $B$3, IF(FI$4>FK$4, $B$2, $B$4)), IF(FH8=FJ$4, IF(FK$4=FI$4, $B$3, IF(FK$4>FI$4, $B$2, $B$4)), "")))))) -> 3 | FJ8: 1 | FK8: =SUM(FI8,FJ8) -> 4 | FL8: =SUM(EU8,EY8,FC8,FG8,FK8) -> 15
A9: Bieger | B9: Mackenzie | C9: =AVERAGEIF($7:$7,"Goals",9:9) -> 0.36363636 | D9: =VALUE(AVERAGEIF($E$7:$ZZ$7,"Team Pts",$E9:$ZZ9)) -> 1.5454545 | E9: Pink | F9: =IF(OR(H$3="", H$4=""),"", IF(E9=E$3, IF(F$3=H$3, B$3, IF(F$3>H$3, B$2, B$4)), IF(E9=G$3, IF(H$3=F$3, B$3, IF(H$3>F$3, B$2, B$4)), IF(E9=E$4, IF(F$4=H$4, B$3, IF(F$4>H$4, B$2, B$4)), IF(E9=G$4, IF(H$4=F$4, B$3, IF(H$4>F$4, B$2, B$4)), ""))))) -> 0 | G9: 0 | H9: =SUM(F9,G9) -> 0 | I9: Pink | J9: =IF(OR(L$3="", L$4=""),"", IF(I9=I$3, IF(J$3=L$3, B$3, IF(J$3>L$3, B$2, B$4)), IF(I9=K$3, IF(L$3=J$3, B$3, IF(L$3>J$3, B$2, B$4)), IF(I9=I$4, IF(J$4=L$4, B$3, IF(J$4>L$4, B$2, B$4)), IF(I9=K$4, IF(L$4=J$4, B$3, IF(L$4>J$4, B$2, B$4)), ""))))) -> 0 | K9: 0 | L9: =SUM(J9,K9) -> 0 | M9: Blue | N9: =IF(OR(P$3="", P$4=""),"", IF(M9=M$3, IF(N$3=P$3, B$3, IF(N$3>P$3, B$2, B$4)), IF(M9=O$3, IF(P$3=N$3, B$3, IF(P$3>N$3, B$2, B$4)), IF(M9=M$4, IF(N$4=P$4, B$3, IF(N$4>P$4, B$2, B$4)), IF(M9=O$4, IF(P$4=N$4, B$3, IF(P$4>N$4, B$2, B$4)), ""))))) -> 3 | O9: 1 | P9: =SUM(N9,O9) -> 4 | Q9: Blue | R9: =IF(OR(T$3="", T$4=""),"", IF(Q9=Q$3, IF(R$3=T$3, B$3, IF(R$3>T$3, B$2, B$4)), IF(Q9=S$3, IF(T$3=R$3, B$3, IF(T$3>R$3, B$2, B$4)), IF(Q9=Q$4, IF(R$4=T$4, B$3, IF(R$4>T$4, B$2, B$4)), IF(Q9=S$4, IF(T$4=R$4, B$3, IF(T$4>R$4, B$2, B$4)), ""))))) -> 3 | S9: 0 | T9: =SUM(R9,S9) -> 3 | U9: Jerseys | V9: =IF(OR(X$3="", X$4=""),"", IF(U9=U$3, IF(V$3=X$3, B$3, IF(V$3>X$3, B$2, B$4)), IF(U9=W$3, IF(X$3=V$3, B$3, IF(X$3>V$3, B$2, B$4)), IF(U9=U$4, IF(V$4=X$4, B$3, IF(V$4>X$4, B$2, B$4)), IF(U9=W$4, IF(X$4=V$4, B$3, IF(X$4>V$4, B$2, B$4)), ""))))) -> 0 | W9: 0 | X9: =SUM(V9,W9) -> 0 | Y9: =SUM(H9,L9,P9,T9,X9) -> 7 | Z9: Out | AA9: =IF(Z9="Out", D9, IF(OR(AC$3="", AC$4=""),"", IF(Z9=Z$3, IF(AA$3=AC$3, $B$3, IF(AA$3>AC$3, $B$2, $B$4)), IF(Z9=AB$3, IF(AC$3=AA$3, $B$3, IF(AC$3>AA$3, $B$2, $B$4)), IF(Z9=Z$4, IF(AA$4=AC$4, $B$3, IF(AA$4>AC$4, $B$2, $B$4)), IF(Z9=AB$4, IF(AC$4=AA$4, $B$3, IF(AC$4>AA$4, $B$2, $B$4)), "")))))) -> 1.5454545 | AB9: =IF(Z9="Out", $C9) -> 0.36363636 | AC9: =SUM(AA9,AB9) -> 1.9090909 | AD9: Jerseys | AE9: =IF(AD9="Out", VALUE($D9), IF(OR(AG$3="", AG$4=""),"", IF(AD9=AD$3, IF(AE$3=AG$3, $B$3, IF(AE$3>AG$3, $B$2, $B$4)), IF(AD9=AF$3, IF(AG$3=AE$3, $B$3, IF(AG$3>AE$3, $B$2, $B$4)), IF(AD9=AD$4, IF(AE$4=AG$4, $B$3, IF(AE$4>AG$4, $B$2, $B$4)), IF(AD9=AF$4, IF(AG$4=AE$4, $B$3, IF(AG$4>AE$4, $B$2, $B$4)), "")))))) -> 3 | AF9: 0 | AG9: =SUM(AE9,AF9) -> 3 | AH9: Yellow | AI9: =IF(OR(AK$3="", AK$4=""),"", IF(AH9=AH$3, IF(AI$3=AK$3, $B$3, IF(AI$3>AK$3, $B$2, $B$4)), IF(AH9=AJ$3, IF(AK$3=AI$3, $B$3, IF(AK$3>AI$3, $B$2, $B$4)), IF(AH9=AH$4, IF(AI$4=AK$4, $B$3, IF(AI$4>AK$4, $B$2, $B$4)), IF(AH9=AJ$4, IF(AK$4=AI$4, $B$3, IF(AK$4>AI$4, $B$2, $B$4)), ""))))) -> 0 | AJ9: 0 | AK9: =SUM(AI9,AJ9) -> 0 | AL9: Jerseys | AM9: =IF(OR(AO$3="", AO$4=""),"", IF(AL9=AL$3, IF(AM$3=AO$3, $B$3, IF(AM$3>AO$3, $B$2, $B$4)), IF(AL9=AN$3, IF(AO$3=AM$3, $B$3, IF(AO$3>AM$3, $B$2, $B$4)), IF(AL9=AL$4, IF(AM$4=AO$4, $B$3, IF(AM$4>AO$4, $B$2, $B$4)), IF(AL9=AN$4, IF(AO$4=AM$4, $B$3, IF(AO$4>AM$4, $B$2, $B$4)), ""))))) -> 1 | AN9: 0 | AO9: =SUM(AM9,AN9) -> 1 | AP9: Pink | AQ9: =IF(OR(AS$3="", AS$4=""),"", IF(AP9=AP$3, IF(AQ$3=AS$3, $B$3, IF(AQ$3>AS$3, $B$2, $B$4)), IF(AP9=AR$3, IF(AS$3=AQ$3, $B$3, IF(AS$3>AQ$3, $B$2, $B$4)), IF(AP9=AP$4, IF(AQ$4=AS$4, $B$3, IF(AQ$4>AS$4, $B$2, $B$4)), IF(AP9=AR$4, IF(AS$4=AQ$4, $B$3, IF(AS$4>AQ$4, $B$2, $B$4)), ""))))) -> 0 | AR9: 1 | AS9: =SUM(AQ9,AR9) -> 1 | AT9: =SUM(AC9,AG9,AK9,AO9,AS9) -> 6.9090909 | AU9: Blue | AV9: =IF(AU9="Out", VALUE($D9), IF(OR(AX$3="", AX$4=""),"", IF(AU9=AU$3, IF(AV$3=AX$3, $B$3, IF(AV$3>AX$3, $B$2, $B$4)), IF(AU9=AW$3, IF(AX$3=AV$3, $B$3, IF(AX$3>AV$3, $B$2, $B$4)), IF(AU9=AU$4, IF(AV$4=AX$4, $B$3, IF(AV$4>AX$4, $B$2, $B$4)), IF(AU9=AW$4, IF(AX$4=AV$4, $B$3, IF(AX$4>AV$4, $B$2, $B$4)), "")))))) -> 3 | AW9: 0 | AX9: =SUM(AV9,AW9) -> 3 | AY9: Jerseys | AZ9: =IF(AY9="Out", VALUE($D9), IF(OR(BB$3="", BB$4=""),"", IF(AY9=AY$3, IF(AZ$3=BB$3, $B$3, IF(AZ$3>BB$3, $B$2, $B$4)), IF(AY9=BA$3, IF(BB$3=AZ$3, $B$3, IF(BB$3>AZ$3, $B$2, $B$4)), IF(AY9=AY$4, IF(AZ$4=BB$4, $B$3, IF(AZ$4>BB$4, $B$2, $B$4)), IF(AY9=BA$4, IF(BB$4=AZ$4, $B$3, IF(BB$4>AZ$4, $B$2, $B$4)), "")))))) -> 0 | BA9: 0 | BB9: =SUM(AZ9,BA9) -> 0 | BC9: Pink | BD9: =IF(BC9="Out", VALUE($D9), IF(OR(BF$3="", BF$4=""),"", IF(BC9=BC$3, IF(BD$3=BF$3, $B$3, IF(BD$3>BF$3, $B$2, $B$4)), IF(BC9=BE$3, IF(BF$3=BD$3, $B$3, IF(BF$3>BD$3, $B$2, $B$4)), IF(BC9=BC$4, IF(BD$4=BF$4, $B$3, IF(BD$4>BF$4, $B$2, $B$4)), IF(BC9=BE$4, IF(BF$4=BD$4, $B$3, IF(BF$4>BD$4, $B$2, $B$4)), "")))))) -> 3 | BE9: 0 | BF9: =SUM(BD9,BE9) -> 3 | BG9: Blue | BH9: =IF(BG9="Out", VALUE($D9), IF(OR(BJ$3="", BJ$4=""),"", IF(BG9=BG$3, IF(BH$3=BJ$3, $B$3, IF(BH$3>BJ$3, $B$2, $B$4)), IF(BG9=BI$3, IF(BJ$3=BH$3, $B$3, IF(BJ$3>BH$3, $B$2, $B$4)), IF(BG9=BG$4, IF(BH$4=BJ$4, $B$3, IF(BH$4>BJ$4, $B$2, $B$4)), IF(BG9=BI$4, IF(BJ$4=BH$4, $B$3, IF(BJ$4>BH$4, $B$2, $B$4)), "")))))) -> 0 | BI9: 0 | BJ9: =SUM(BH9,BI9) -> 0 | BK9: Jerseys | BL9: =IF(BK9="Out", VALUE($D9), IF(OR(BN$3="", BN$4=""),"", IF(BK9=BK$3, IF(BL$3=BN$3, $B$3, IF(BL$3>BN$3, $B$2, $B$4)), IF(BK9=BM$3, IF(BN$3=BL$3, $B$3, IF(BN$3>BL$3, $B$2, $B$4)), IF(BK9=BK$4, IF(BL$4=BN$4, $B$3, IF(BL$4>BN$4, $B$2, $B$4)), IF(BK9=BM$4, IF(BN$4=BL$4, $B$3, IF(BN$4>BL$4, $B$2, $B$4)), "")))))) -> 3 | BM9: 0 | BN9: =SUM(BL9,BM9) -> 3 | BO9: =SUM(AX9,BB9,BF9,BJ9,BN9) -> 9 | BP9: Out | BQ9: =IF(BP9="Out", VALUE($D9), IF(OR(BS$3="", BS$4=""),"", IF(BP9=BP$3, IF(BQ$3=BS$3, $B$3, IF(BQ$3>BS$3, $B$2, $B$4)), IF(BP9=BR$3, IF(BS$3=BQ$3, $B$3, IF(BS$3>BQ$3, $B$2, $B$4)), IF(BP9=BP$4, IF(BQ$4=BS$4, $B$3, IF(BQ$4>BS$4, $B$2, $B$4)), IF(BP9=BR$4, IF(BS$4=BQ$4, $B$3, IF(BS$4>BQ$4, $B$2, $B$4)), "")))))) -> 1.5454545 | BR9: =IF(BP9="Out", $C9) -> 0.36363636 | BS9: =SUM(BQ9,BR9) -> 1.9090909 | BT9: Out | BU9: =IF(BT9="Out", VALUE($D9), IF(OR(BW$3="", BW$4=""),"", IF(BT9=BT$3, IF(BU$3=BW$3, $B$3, IF(BU$3>BW$3, $B$2, $B$4)), IF(BT9=BV$3, IF(BW$3=BU$3, $B$3, IF(BW$3>BU$3, $B$2, $B$4)), IF(BT9=BT$4, IF(BU$4=BW$4, $B$3, IF(BU$4>BW$4, $B$2, $B$4)), IF(BT9=BV$4, IF(BW$4=BU$4, $B$3, IF(BW$4>BU$4, $B$2, $B$4)), "")))))) -> 1.5454545 | BV9: =IF(BT9="Out", $C9) -> 0.36363636 | BW9: =SUM(BU9,BV9) -> 1.9090909 | BX9: Out | BY9: =IF(BX9="Out", VALUE($D9), IF(OR(CA$3="", CA$4=""),"", IF(BX9=BX$3, IF(BY$3=CA$3, $B$3, IF(BY$3>CA$3, $B$2, $B$4)), IF(BX9=BZ$3, IF(CA$3=BY$3, $B$3, IF(CA$3>BY$3, $B$2, $B$4)), IF(BX9=BX$4, IF(BY$4=CA$4, $B$3, IF(BY$4>CA$4, $B$2, $B$4)), IF(BX9=BZ$4, IF(CA$4=BY$4, $B$3, IF(CA$4>BY$4, $B$2, $B$4)), "")))))) -> 1.5454545 | BZ9: =IF(BX9="Out", $C9) -> 0.36363636 | CA9: =SUM(BY9,BZ9) -> 1.9090909 | CB9: Out | CC9: =IF(CB9="Out", VALUE($D9), IF(OR(CE$3="", CE$4=""),"", IF(CB9=CB$3, IF(CC$3=CE$3, $B$3, IF(CC$3>CE$3, $B$2, $B$4)), IF(CB9=CD$3, IF(CE$3=CC$3, $B$3, IF(CE$3>CC$3, $B$2, $B$4)), IF(CB9=CB$4, IF(CC$4=CE$4, $B$3, IF(CC$4>CE$4, $B$2, $B$4)), IF(CB9=CD$4, IF(CE$4=CC$4, $B$3, IF(CE$4>CC$4, $B$2, $B$4)), "")))))) -> 1.5454545 | CD9: =IF(CB9="Out", $C9) -> 0.36363636 | CE9: =SUM(CC9,CD9) -> 1.9090909 | CF9: Out | CG9: =IF(CF9="Out", VALUE($D9), IF(OR(CI$3="", CI$4=""),"", IF(CF9=CF$3, IF(CG$3=CI$3, $B$3, IF(CG$3>CI$3, $B$2, $B$4)), IF(CF9=CH$3, IF(CI$3=CG$3, $B$3, IF(CI$3>CG$3, $B$2, $B$4)), IF(CF9=CF$4, IF(CG$4=CI$4, $B$3, IF(CG$4>CI$4, $B$2, $B$4)), IF(CF9=CH$4, IF(CI$4=CG$4, $B$3, IF(CI$4>CG$4, $B$2, $B$4)), "")))))) -> 1.5454545 | CH9: =IF(CF9="Out", $C9) -> 0.36363636 | CI9: =SUM(CG9,CH9) -> 1.9090909 | CJ9: =SUM(BS9,BW9,CA9,CE9,CI9) -> 9.5454545 | CK9: Jerseys | CL9: =IF(CK9="Out", VALUE($D9), IF(OR(CN$3="", CN$4=""),"", IF(CK9=CK$3, IF(CL$3=CN$3, $B$3, IF(CL$3>CN$3, $B$2, $B$4)), IF(CK9=CM$3, IF(CN$3=CL$3, $B$3, IF(CN$3>CL$3, $B$2, $B$4)), IF(CK9=CK$4, IF(CL$4=CN$4, $B$3, IF(CL$4>CN$4, $B$2, $B$4)), IF(CK9=CM$4, IF(CN$4=CL$4, $B$3, IF(CN$4>CL$4, $B$2, $B$4)), "")))))) -> 3 | CM9: 0 | CN9: =SUM(CL9,CM9) -> 3 | CO9: Jerseys | CP9: =IF(CO9="Out", VALUE($D9), IF(OR(CR$3="", CR$4=""),"", IF(CO9=CO$3, IF(CP$3=CR$3, $B$3, IF(CP$3>CR$3, $B$2, $B$4)), IF(CO9=CQ$3, IF(CR$3=CP$3, $B$3, IF(CR$3>CP$3, $B$2, $B$4)), IF(CO9=CO$4, IF(CP$4=CR$4, $B$3, IF(CP$4>CR$4, $B$2, $B$4)), IF(CO9=CQ$4, IF(CR$4=CP$4, $B$3, IF(CR$4>CP$4, $B$2, $B$4)), "")))))) -> 3 | CQ9: 0 | CR9: =SUM(CP9,CQ9) -> 3 | CS9: Jerseys | CT9: =IF(CS9="Out", VALUE($D9), IF(OR(CV$3="", CV$4=""),"", IF(CS9=CS$3, IF(CT$3=CV$3, $B$3, IF(CT$3>CV$3, $B$2, $B$4)), IF(CS9=CU$3, IF(CV$3=CT$3, $B$3, IF(CV$3>CT$3, $B$2, $B$4)), IF(CS9=CS$4, IF(CT$4=CV$4, $B$3, IF(CT$4>CV$4, $B$2, $B$4)), IF(CS9=CU$4, IF(CV$4=CT$4, $B$3, IF(CV$4>CT$4, $B$2, $B$4)), "")))))) -> 3 | CU9: 0 | CV9: =SUM(CT9,CU9) -> 3 | CW9: Yellow | CX9: =IF(CW9="Out", VALUE($D9), IF(OR(CZ$3="", CZ$4=""),"", IF(CW9=CW$3, IF(CX$3=CZ$3, $B$3, IF(CX$3>CZ$3, $B$2, $B$4)), IF(CW9=CY$3, IF(CZ$3=CX$3, $B$3, IF(CZ$3>CX$3, $B$2, $B$4)), IF(CW9=CW$4, IF(CX$4=CZ$4, $B$3, IF(CX$4>CZ$4, $B$2, $B$4)), IF(CW9=CY$4, IF(CZ$4=CX$4, $B$3, IF(CZ$4>CX$4, $B$2, $B$4)), "")))))) -> 3 | CY9: 1 | CZ9: =SUM(CX9,CY9) -> 4 | DA9: Yellow | DB9: =IF(DA9="Out", VALUE($D9), IF(OR(DD$3="", DD$4=""),"", IF(DA9=DA$3, IF(DB$3=DD$3, $B$3, IF(DB$3>DD$3, $B$2, $B$4)), IF(DA9=DC$3, IF(DD$3=DB$3, $B$3, IF(DD$3>DB$3, $B$2, $B$4)), IF(DA9=DA$4, IF(DB$4=DD$4, $B$3, IF(DB$4>DD$4, $B$2, $B$4)), IF(DA9=DC$4, IF(DD$4=DB$4, $B$3, IF(DD$4>DB$4, $B$2, $B$4)), "")))))) -> 1 | DC9: 0 | DD9: =SUM(DB9,DC9) -> 1 | DE9: =SUM(CN9,CR9,CV9,CZ9,DD9) -> 14 | DF9: Pink | DG9: =IF(DF9="Out", VALUE($D9), IF(OR(DI$3="", DI$4=""),"", IF(DF9=DF$3, IF(DG$3=DI$3, $B$3, IF(DG$3>DI$3, $B$2, $B$4)), IF(DF9=DH$3, IF(DI$3=DG$3, $B$3, IF(DI$3>DG$3, $B$2, $B$4)), IF(DF9=DF$4, IF(DG$4=DI$4, $B$3, IF(DG$4>DI$4, $B$2, $B$4)), IF(DF9=DH$4, IF(DI$4=DG$4, $B$3, IF(DI$4>DG$4, $B$2, $B$4)), "")))))) -> 0 | DH9: 0 | DI9: =SUM(DG9,DH9) -> 0 | DJ9: Pink | DK9: =IF(DJ9="Out", VALUE($D9), IF(OR(DM$3="", DM$4=""),"", IF(DJ9=DJ$3, IF(DK$3=DM$3, $B$3, IF(DK$3>DM$3, $B$2, $B$4)), IF(DJ9=DL$3, IF(DM$3=DK$3, $B$3, IF(DM$3>DK$3, $B$2, $B$4)), IF(DJ9=DJ$4, IF(DK$4=DM$4, $B$3, IF(DK$4>DM$4, $B$2, $B$4)), IF(DJ9=DL$4, IF(DM$4=DK$4, $B$3, IF(DM$4>DK$4, $B$2, $B$4)), "")))))) -> 3 | DL9: 0 | DM9: =SUM(DK9,DL9) -> 3 | DN9: Jerseys | DO9: =IF(DN9="Out", VALUE($D9), IF(OR(DQ$3="", DQ$4=""),"", IF(DN9=DN$3, IF(DO$3=DQ$3, $B$3, IF(DO$3>DQ$3, $B$2, $B$4)), IF(DN9=DP$3, IF(DQ$3=DO$3, $B$3, IF(DQ$3>DO$3, $B$2, $B$4)), IF(DN9=DN$4, IF(DO$4=DQ$4, $B$3, IF(DO$4>DQ$4, $B$2, $B$4)), IF(DN9=DP$4, IF(DQ$4=DO$4, $B$3, IF(DQ$4>DO$4, $B$2, $B$4)), "")))))) -> 0 | DP9: 0 | DQ9: =SUM(DO9,DP9) -> 0 | DR9: Pink | DS9: =IF(DR9="Out", VALUE($D9), IF(OR(DU$3="", DU$4=""),"", IF(DR9=DR$3, IF(DS$3=DU$3, $B$3, IF(DS$3>DU$3, $B$2, $B$4)), IF(DR9=DT$3, IF(DU$3=DS$3, $B$3, IF(DU$3>DS$3, $B$2, $B$4)), IF(DR9=DR$4, IF(DS$4=DU$4, $B$3, IF(DS$4>DU$4, $B$2, $B$4)), IF(DR9=DT$4, IF(DU$4=DS$4, $B$3, IF(DU$4>DS$4, $B$2, $B$4)), "")))))) -> 3 | DT9: 1 | DU9: =SUM(DS9,DT9) -> 4 | DV9: Blue | DW9: =IF(DV9="Out", VALUE($D9), IF(OR(DY$3="", DY$4=""),"", IF(DV9=DV$3, IF(DW$3=DY$3, $B$3, IF(DW$3>DY$3, $B$2, $B$4)), IF(DV9=DX$3, IF(DY$3=DW$3, $B$3, IF(DY$3>DW$3, $B$2, $B$4)), IF(DV9=DV$4, IF(DW$4=DY$4, $B$3, IF(DW$4>DY$4, $B$2, $B$4)), IF(DV9=DX$4, IF(DY$4=DW$4, $B$3, IF(DY$4>DW$4, $B$2, $B$4)), "")))))) -> 3 | DX9: 1 | DY9: =SUM(DW9,DX9) -> 4 | DZ9: =SUM(DI9,DM9,DQ9,DU9,DY9) -> 11 | EA9: Blue | EB9: =IF(EA9="Out", VALUE($D9), IF(OR(ED$3="", ED$4=""),"", IF(EA9=EA$3, IF(EB$3=ED$3, $B$3, IF(EB$3>ED$3, $B$2, $B$4)), IF(EA9=EC$3, IF(ED$3=EB$3, $B$3, IF(ED$3>EB$3, $B$2, $B$4)), IF(EA9=EA$4, IF(EB$4=ED$4, $B$3, IF(EB$4>ED$4, $B$2, $B$4)), IF(EA9=EC$4, IF(ED$4=EB$4, $B$3, IF(ED$4>EB$4, $B$2, $B$4)), "")))))) -> 1 | EC9: 0 | ED9: =SUM(EB9,EC9) -> 1 | EE9: Pink | EF9: =IF(EE9="Out", VALUE($D9), IF(OR(EH$3="", EH$4=""),"", IF(EE9=EE$3, IF(EF$3=EH$3, $B$3, IF(EF$3>EH$3, $B$2, $B$4)), IF(EE9=EG$3, IF(EH$3=EF$3, $B$3, IF(EH$3>EF$3, $B$2, $B$4)), IF(EE9=EE$4, IF(EF$4=EH$4, $B$3, IF(EF$4>EH$4, $B$2, $B$4)), IF(EE9=EG$4, IF(EH$4=EF$4, $B$3, IF(EH$4>EF$4, $B$2, $B$4)), "")))))) -> 3 | EG9: 1 | EH9: =SUM(EF9,EG9) -> 4 | EI9: Blue | EJ9: =IF(EI9="Out", VALUE($D9), IF(OR(EL$3="", EL$4=""),"", IF(EI9=EI$3, IF(EJ$3=EL$3, $B$3, IF(EJ$3>EL$3, $B$2, $B$4)), IF(EI9=EK$3, IF(EL$3=EJ$3, $B$3, IF(EL$3>EJ$3, $B$2, $B$4)), IF(EI9=EI$4, IF(EJ$4=EL$4, $B$3, IF(EJ$4>EL$4, $B$2, $B$4)), IF(EI9=EK$4, IF(EL$4=EJ$4, $B$3, IF(EL$4>EJ$4, $B$2, $B$4)), "")))))) -> 0 | EK9: 1 | EL9: =SUM(EJ9,EK9) -> 1 | EM9: Yellow | EN9: =IF(EM9="Out", VALUE($D9), IF(OR(EP$3="", EP$4=""),"", IF(EM9=EM$3, IF(EN$3=EP$3, $B$3, IF(EN$3>EP$3, $B$2, $B$4)), IF(EM9=EO$3, IF(EP$3=EN$3, $B$3, IF(EP$3>EN$3, $B$2, $B$4)), IF(EM9=EM$4, IF(EN$4=EP$4, $B$3, IF(EN$4>EP$4, $B$2, $B$4)), IF(EM9=EO$4, IF(EP$4=EN$4, $B$3, IF(EP$4>EN$4, $B$2, $B$4)), "")))))) -> 1 | EO9: 1 | EP9: =SUM(EN9,EO9) -> 2 | EQ9: Pink | ER9: =IF(EQ9="Out", VALUE($D9), IF(OR(ET$3="", ET$4=""),"", IF(EQ9=EQ$3, IF(ER$3=ET$3, $B$3, IF(ER$3>ET$3, $B$2, $B$4)), IF(EQ9=ES$3, IF(ET$3=ER$3, $B$3, IF(ET$3>ER$3, $B$2, $B$4)), IF(EQ9=EQ$4, IF(ER$4=ET$4, $B$3, IF(ER$4>ET$4, $B$2, $B$4)), IF(EQ9=ES$4, IF(ET$4=ER$4, $B$3, IF(ET$4>ER$4, $B$2, $B$4)), "")))))) -> 0 | ES9: 0 | ET9: =SUM(ER9,ES9) -> 0 | EU9: =SUM(ED9,EH9,EL9,EP9,ET9) -> 8 | EV9: Yellow | EW9: =IF(EV9="Out", VALUE($D9), IF(OR(EY$3="", EY$4=""),"", IF(EV9=EV$3, IF(EW$3=EY$3, $B$3, IF(EW$3>EY$3, $B$2, $B$4)), IF(EV9=EX$3, IF(EY$3=EW$3, $B$3, IF(EY$3>EW$3, $B$2, $B$4)), IF(EV9=EV$4, IF(EW$4=EY$4, $B$3, IF(EW$4>EY$4, $B$2, $B$4)), IF(EV9=EX$4, IF(EY$4=EW$4, $B$3, IF(EY$4>EW$4, $B$2, $B$4)), "")))))) -> 1 | EX9: 0 | EY9: =SUM(EW9,EX9) -> 1 | EZ9: Blue | FA9: =IF(EZ9="Out", VALUE($D9), IF(OR(FC$3="", FC$4=""),"", IF(EZ9=EZ$3, IF(FA$3=FC$3, $B$3, IF(FA$3>FC$3, $B$2, $B$4)), IF(EZ9=FB$3, IF(FC$3=FA$3, $B$3, IF(FC$3>FA$3, $B$2, $B$4)), IF(EZ9=EZ$4, IF(FA$4=FC$4, $B$3, IF(FA$4>FC$4, $B$2, $B$4)), IF(EZ9=FB$4, IF(FC$4=FA$4, $B$3, IF(FC$4>FA$4, $B$2, $B$4)), "")))))) -> 0 | FB9: 0 | FC9: =SUM(FA9,FB9) -> 0 | FD9: Pink | FE9: =IF(FD9="Out", VALUE($D9), IF(OR(FG$3="", FG$4=""),"", IF(FD9=FD$3, IF(FE$3=FG$3, $B$3, IF(FE$3>FG$3, $B$2, $B$4)), IF(FD9=FF$3, IF(FG$3=FE$3, $B$3, IF(FG$3>FE$3, $B$2, $B$4)), IF(FD9=FD$4, IF(FE$4=FG$4, $B$3, IF(FE$4>FG$4, $B$2, $B$4)), IF(FD9=FF$4, IF(FG$4=FE$4, $B$3, IF(FG$4>FE$4, $B$2, $B$4)), "")))))) -> 3 | FF9: 2 | FG9: =SUM(FE9,FF9) -> 5 | FH9: Jerseys | FI9: =IF(FH9="Out", VALUE($D9), IF(OR(FK$3="", FK$4=""),"", IF(FH9=FH$3, IF(FI$3=FK$3, $B$3, IF(FI$3>FK$3, $B$2, $B$4)), IF(FH9=FJ$3, IF(FK$3=FI$3, $B$3, IF(FK$3>FI$3, $B$2, $B$4)), IF(FH9=FH$4, IF(FI$4=FK$4, $B$3, IF(FI$4>FK$4, $B$2, $B$4)), IF(FH9=FJ$4, IF(FK$4=FI$4, $B$3, IF(FK$4>FI$4, $B$2, $B$4)), "")))))) -> 1 | FJ9: 2 | FK9: =SUM(FI9,FJ9) -> 3 | FL9: =SUM(EU9,EY9,FC9,FG9,FK9) -> 17
A10: Breton | B10: Amelia | C10: =AVERAGEIF($7:$7,"Goals",10:10) -> 1.9117647 | D10: =VALUE(AVERAGEIF($E$7:$ZZ$7,"Team Pts",$E10:$ZZ10)) -> 2.0588235 | E10: Blue | F10: =IF(OR(H$3="", H$4=""),"", IF(E10=E$3, IF(F$3=H$3, B$3, IF(F$3>H$3, B$2, B$4)), IF(E10=G$3, IF(H$3=F$3, B$3, IF(H$3>F$3, B$2, B$4)), IF(E10=E$4, IF(F$4=H$4, B$3, IF(F$4>H$4, B$2, B$4)), IF(E10=G$4, IF(H$4=F$4, B$3, IF(H$4>F$4, B$2, B$4)), ""))))) -> 3 | G10: 0 | H10: =SUM(F10,G10) -> 3 | I10: Yellow | J10: =IF(OR(L$3="", L$4=""),"", IF(I10=I$3, IF(J$3=L$3, B$3, IF(J$3>L$3, B$2, B$4)), IF(I10=K$3, IF(L$3=J$3, B$3, IF(L$3>J$3, B$2, B$4)), IF(I10=I$4, IF(J$4=L$4, B$3, IF(J$4>L$4, B$2, B$4)), IF(I10=K$4, IF(L$4=J$4, B$3, IF(L$4>J$4, B$2, B$4)), ""))))) -> 3 | K10: 3 | L10: =SUM(J10,K10) -> 6 | M10: Yellow | N10: =IF(OR(P$3="", P$4=""),"", IF(M10=M$3, IF(N$3=P$3, B$3, IF(N$3>P$3, B$2, B$4)), IF(M10=O$3, IF(P$3=N$3, B$3, IF(P$3>N$3, B$2, B$4)), IF(M10=M$4, IF(N$4=P$4, B$3, IF(N$4>P$4, B$2, B$4)), IF(M10=O$4, IF(P$4=N$4, B$3, IF(P$4>N$4, B$2, B$4)), ""))))) -> 3 | O10: 2 | P10: =SUM(N10,O10) -> 5 | Q10: Jerseys | R10: =IF(OR(T$3="", T$4=""),"", IF(Q10=Q$3, IF(R$3=T$3, B$3, IF(R$3>T$3, B$2, B$4)), IF(Q10=S$3, IF(T$3=R$3, B$3, IF(T$3>R$3, B$2, B$4)), IF(Q10=Q$4, IF(R$4=T$4, B$3, IF(R$4>T$4, B$2, B$4)), IF(Q10=S$4, IF(T$4=R$4, B$3, IF(T$4>R$4, B$2, B$4)), ""))))) -> 3 | S10: 2 | T10: =SUM(R10,S10) -> 5 | U10: Jerseys | V10: =IF(OR(X$3="", X$4=""),"", IF(U10=U$3, IF(V$3=X$3, B$3, IF(V$3>X$3, B$2, B$4)), IF(U10=W$3, IF(X$3=V$3, B$3, IF(X$3>V$3, B$2, B$4)), IF(U10=U$4, IF(V$4=X$4, B$3, IF(V$4>X$4, B$2, B$4)), IF(U10=W$4, IF(X$4=V$4, B$3, IF(X$4>V$4, B$2, B$4)), ""))))) -> 0 | W10: 1 | X10: =SUM(V10,W10) -> 1 | Y10: =SUM(H10,L10,P10,T10,X10) -> 20 | Z10: Blue | AA10: =IF(Z10="Out", VALUE($D10), IF(OR(AC$3="", AC$4=""),"", IF(Z10=Z$3, IF(AA$3=AC$3, $B$3, IF(AA$3>AC$3, $B$2, $B$4)), IF(Z10=AB$3, IF(AC$3=AA$3, $B$3, IF(AC$3>AA$3, $B$2, $B$4)), IF(Z10=Z$4, IF(AA$4=AC$4, $B$3, IF(AA$4>AC$4, $B$2, $B$4)), IF(Z10=AB$4, IF(AC$4=AA$4, $B$3, IF(AC$4>AA$4, $B$2, $B$4)), "")))))) -> 3 | AB10: 3 | AC10: =SUM(AA10,AB10) -> 6 | AD10: Pink | AE10: =IF(AD10="Out", VALUE($D10), IF(OR(AG$3="", AG$4=""),"", IF(AD10=AD$3, IF(AE$3=AG$3, $B$3, IF(AE$3>AG$3, $B$2, $B$4)), IF(AD10=AF$3, IF(AG$3=AE$3, $B$3, IF(AG$3>AE$3, $B$2, $B$4)), IF(AD10=AD$4, IF(AE$4=AG$4, $B$3, IF(AE$4>AG$4, $B$2, $B$4)), IF(AD10=AF$4, IF(AG$4=AE$4, $B$3, IF(AG$4>AE$4, $B$2, $B$4)), "")))))) -> 3 | AF10: 1 | AG10: =SUM(AE10,AF10) -> 4 | AH10: Jerseys | AI10: =IF(OR(AK$3="", AK$4=""),"", IF(AH10=AH$3, IF(AI$3=AK$3, $B$3, IF(AI$3>AK$3, $B$2, $B$4)), IF(AH10=AJ$3, IF(AK$3=AI$3, $B$3, IF(AK$3>AI$3, $B$2, $B$4)), IF(AH10=AH$4, IF(AI$4=AK$4, $B$3, IF(AI$4>AK$4, $B$2, $B$4)), IF(AH10=AJ$4, IF(AK$4=AI$4, $B$3, IF(AK$4>AI$4, $B$2, $B$4)), ""))))) -> 3 | AJ10: 2 | AK10: =SUM(AI10,AJ10) -> 5 | AL10: Jerseys | AM10: =IF(OR(AO$3="", AO$4=""),"", IF(AL10=AL$3, IF(AM$3=AO$3, $B$3, IF(AM$3>AO$3, $B$2, $B$4)), IF(AL10=AN$3, IF(AO$3=AM$3, $B$3, IF(AO$3>AM$3, $B$2, $B$4)), IF(AL10=AL$4, IF(AM$4=AO$4, $B$3, IF(AM$4>AO$4, $B$2, $B$4)), IF(AL10=AN$4, IF(AO$4=AM$4, $B$3, IF(AO$4>AM$4, $B$2, $B$4)), ""))))) -> 1 | AN10: 3 | AO10: =SUM(AM10,AN10) -> 4 | AP10: Blue | AQ10: =IF(OR(AS$3="", AS$4=""),"", IF(AP10=AP$3, IF(AQ$3=AS$3, $B$3, IF(AQ$3>AS$3, $B$2, $B$4)), IF(AP10=AR$3, IF(AS$3=AQ$3, $B$3, IF(AS$3>AQ$3, $B$2, $B$4)), IF(AP10=AP$4, IF(AQ$4=AS$4, $B$3, IF(AQ$4>AS$4, $B$2, $B$4)), IF(AP10=AR$4, IF(AS$4=AQ$4, $B$3, IF(AS$4>AQ$4, $B$2, $B$4)), ""))))) -> 3 | AR10: 3 | AS10: =SUM(AQ10,AR10) -> 6 | AT10: =SUM(AC10,AG10,AK10,AO10,AS10) -> 25 | AU10: Pink | AV10: =IF(AU10="Out", VALUE($D10), IF(OR(AX$3="", AX$4=""),"", IF(AU10=AU$3, IF(AV$3=AX$3, $B$3, IF(AV$3>AX$3, $B$2, $B$4)), IF(AU10=AW$3, IF(AX$3=AV$3, $B$3, IF(AX$3>AV$3, $B$2, $B$4)), IF(AU10=AU$4, IF(AV$4=AX$4, $B$3, IF(AV$4>AX$4, $B$2, $B$4)), IF(AU10=AW$4, IF(AX$4=AV$4, $B$3, IF(AX$4>AV$4, $B$2, $B$4)), "")))))) -> 0 | AW10: 0 | AX10: =SUM(AV10,AW10) -> 0 | AY10: Pink | AZ10: =IF(AY10="Out", VALUE($D10), IF(OR(BB$3="", BB$4=""),"", IF(AY10=AY$3, IF(AZ$3=BB$3, $B$3, IF(AZ$3>BB$3, $B$2, $B$4)), IF(AY10=BA$3, IF(BB$3=AZ$3, $B$3, IF(BB$3>AZ$3, $B$2, $B$4)), IF(AY10=AY$4, IF(AZ$4=BB$4, $B$3, IF(AZ$4>BB$4, $B$2, $B$4)), IF(AY10=BA$4, IF(BB$4=AZ$4, $B$3, IF(BB$4>AZ$4, $B$2, $B$4)), "")))))) -> 1 | BA10: 3 | BB10: =SUM(AZ10,BA10) -> 4 | BC10: Pink | BD10: =IF(BC10="Out", VALUE($D10), IF(OR(BF$3="", BF$4=""),"", IF(BC10=BC$3, IF(BD$3=BF$3, $B$3, IF(BD$3>BF$3, $B$2, $B$4)), IF(BC10=BE$3, IF(BF$3=BD$3, $B$3, IF(BF$3>BD$3, $B$2, $B$4)), IF(BC10=BC$4, IF(BD$4=BF$4, $B$3, IF(BD$4>BF$4, $B$2, $B$4)), IF(BC10=BE$4, IF(BF$4=BD$4, $B$3, IF(BF$4>BD$4, $B$2, $B$4)), "")))))) -> 3 | BE10: 3 | BF10: =SUM(BD10,BE10) -> 6 | BG10: Jerseys | BH10: =IF(BG10="Out", VALUE($D10), IF(OR(BJ$3="", BJ$4=""),"", IF(BG10=BG$3, IF(BH$3=BJ$3, $B$3, IF(BH$3>BJ$3, $B$2, $B$4)), IF(BG10=BI$3, IF(BJ$3=BH$3, $B$3, IF(BJ$3>BH$3, $B$2, $B$4)), IF(BG10=BG$4, IF(BH$4=BJ$4, $B$3, IF(BH$4>BJ$4, $B$2, $B$4)), IF(BG10=BI$4, IF(BJ$4=BH$4, $B$3, IF(BJ$4>BH$4, $B$2, $B$4)), "")))))) -> 0 | BI10: 1 | BJ10: =SUM(BH10,BI10) -> 1 | BK10: Yellow | BL10: =IF(BK10="Out", VALUE($D10), IF(OR(BN$3="", BN$4=""),"", IF(BK10=BK$3, IF(BL$3=BN$3, $B$3, IF(BL$3>BN$3, $B$2, $B$4)), IF(BK10=BM$3, IF(BN$3=BL$3, $B$3, IF(BN$3>BL$3, $B$2, $B$4)), IF(BK10=BK$4, IF(BL$4=BN$4, $B$3, IF(BL$4>BN$4, $B$2, $B$4)), IF(BK10=BM$4, IF(BN$4=BL$4, $B$3, IF(BN$4>BL$4, $B$2, $B$4)), "")))))) -> 0 | BM10: 1 | BN10: =SUM(BL10,BM10) -> 1 | BO10: =SUM(AX10,BB10,BF10,BJ10,BN10) -> 12 | BP10: Yellow | BQ10: =IF(BP10="Out", VALUE($D10), IF(OR(BS$3="", BS$4=""),"", IF(BP10=BP$3, IF(BQ$3=BS$3, $B$3, IF(BQ$3>BS$3, $B$2, $B$4)), IF(BP10=BR$3, IF(BS$3=BQ$3, $B$3, IF(BS$3>BQ$3, $B$2, $B$4)), IF(BP10=BP$4, IF(BQ$4=BS$4, $B$3, IF(BQ$4>BS$4, $B$2, $B$4)), IF(BP10=BR$4, IF(BS$4=BQ$4, $B$3, IF(BS$4>BQ$4, $B$2, $B$4)), "")))))) -> 3 | BR10: 3 | BS10: =SUM(BQ10,BR10) -> 6 | BT10: Pink | BU10: =IF(BT10="Out", VALUE($D10), IF(OR(BW$3="", BW$4=""),"", IF(BT10=BT$3, IF(BU$3=BW$3, $B$3, IF(BU$3>BW$3, $B$2, $B$4)), IF(BT10=BV$3, IF(BW$3=BU$3, $B$3, IF(BW$3>BU$3, $B$2, $B$4)), IF(BT10=BT$4, IF(BU$4=BW$4, $B$3, IF(BU$4>BW$4, $B$2, $B$4)), IF(BT10=BV$4, IF(BW$4=BU$4, $B$3, IF(BW$4>BU$4, $B$2, $B$4)), "")))))) -> 3 | BV10: 0 | BW10: =SUM(BU10,BV10) -> 3 | BX10: Blue | BY10: =IF(BX10="Out", VALUE($D10), IF(OR(CA$3="", CA$4=""),"", IF(BX10=BX$3, IF(BY$3=CA$3, $B$3, IF(BY$3>CA$3, $B$2, $B$4)), IF(BX10=BZ$3, IF(CA$3=BY$3, $B$3, IF(CA$3>BY$3, $B$2, $B$4)), IF(BX10=BX$4, IF(BY$4=CA$4, $B$3, IF(BY$4>CA$4, $B$2, $B$4)), IF(BX10=BZ$4, IF(CA$4=BY$4, $B$3, IF(CA$4>BY$4, $B$2, $B$4)), "")))))) -> 3 | BZ10: 3 | CA10: =SUM(BY10,BZ10) -> 6 | CB10: Pink | CC10: =IF(CB10="Out", VALUE($D10), IF(OR(CE$3="", CE$4=""),"", IF(CB10=CB$3, IF(CC$3=CE$3, $B$3, IF(CC$3>CE$3, $B$2, $B$4)), IF(CB10=CD$3, IF(CE$3=CC$3, $B$3, IF(CE$3>CC$3, $B$2, $B$4)), IF(CB10=CB$4, IF(CC$4=CE$4, $B$3, IF(CC$4>CE$4, $B$2, $B$4)), IF(CB10=CD$4, IF(CE$4=CC$4, $B$3, IF(CE$4>CC$4, $B$2, $B$4)), "")))))) -> 3 | CD10: 3 | CE10: =SUM(CC10,CD10) -> 6 | CF10: Blue | CG10: =IF(CF10="Out", VALUE($D10), IF(OR(CI$3="", CI$4=""),"", IF(CF10=CF$3, IF(CG$3=CI$3, $B$3, IF(CG$3>CI$3, $B$2, $B$4)), IF(CF10=CH$3, IF(CI$3=CG$3, $B$3, IF(CI$3>CG$3, $B$2, $B$4)), IF(CF10=CF$4, IF(CG$4=CI$4, $B$3, IF(CG$4>CI$4, $B$2, $B$4)), IF(CF10=CH$4, IF(CI$4=CG$4, $B$3, IF(CI$4>CG$4, $B$2, $B$4)), "")))))) -> 0 | CH10: 2 | CI10: =SUM(CG10,CH10) -> 2 | CJ10: =SUM(BS10,BW10,CA10,CE10,CI10) -> 23 | CK10: Out | CL10: =IF(CK10="Out", VALUE($D10), IF(OR(CN$3="", CN$4=""),"", IF(CK10=CK$3, IF(CL$3=CN$3, $B$3, IF(CL$3>CN$3, $B$2, $B$4)), IF(CK10=CM$3, IF(CN$3=CL$3, $B$3, IF(CN$3>CL$3, $B$2, $B$4)), IF(CK10=CK$4, IF(CL$4=CN$4, $B$3, IF(CL$4>CN$4, $B$2, $B$4)), IF(CK10=CM$4, IF(CN$4=CL$4, $B$3, IF(CN$4>CL$4, $B$2, $B$4)), "")))))) -> 2.0588235 | CM10: =IF(CK10="Out", $C10) -> 1.9117647 | CN10: =SUM(CL10,CM10) -> 3.9705882 | CO10: Out | CP10: =IF(CO10="Out", VALUE($D10), IF(OR(CR$3="", CR$4=""),"", IF(CO10=CO$3, IF(CP$3=CR$3, $B$3, IF(CP$3>CR$3, $B$2, $B$4)), IF(CO10=CQ$3, IF(CR$3=CP$3, $B$3, IF(CR$3>CP$3, $B$2, $B$4)), IF(CO10=CO$4, IF(CP$4=CR$4, $B$3, IF(CP$4>CR$4, $B$2, $B$4)), IF(CO10=CQ$4, IF(CR$4=CP$4, $B$3, IF(CR$4>CP$4, $B$2, $B$4)), "")))))) -> 2.0588235 | CQ10: =IF(CO10="Out", $C10) -> 1.9117647 | CR10: =SUM(CP10,CQ10) -> 3.9705882 | CS10: Out | CT10: =IF(CS10="Out", VALUE($D10), IF(OR(CV$3="", CV$4=""),"", IF(CS10=CS$3, IF(CT$3=CV$3, $B$3, IF(CT$3>CV$3, $B$2, $B$4)), IF(CS10=CU$3, IF(CV$3=CT$3, $B$3, IF(CV$3>CT$3, $B$2, $B$4)), IF(CS10=CS$4, IF(CT$4=CV$4, $B$3, IF(CT$4>CV$4, $B$2, $B$4)), IF(CS10=CU$4, IF(CV$4=CT$4, $B$3, IF(CV$4>CT$4, $B$2, $B$4)), "")))))) -> 2.0588235 | CU10: =IF(CS10="Out", $C10) -> 1.9117647 | CV10: =SUM(CT10,CU10) -> 3.9705882 | CW10: Out | CX10: =IF(CW10="Out", VALUE($D10), IF(OR(CZ$3="", CZ$4=""),"", IF(CW10=CW$3, IF(CX$3=CZ$3, $B$3, IF(CX$3>CZ$3, $B$2, $B$4)), IF(CW10=CY$3, IF(CZ$3=CX$3, $B$3, IF(CZ$3>CX$3, $B$2, $B$4)), IF(CW10=CW$4, IF(CX$4=CZ$4, $B$3, IF(CX$4>CZ$4, $B$2, $B$4)), IF(CW10=CY$4, IF(CZ$4=CX$4, $B$3, IF(CZ$4>CX$4, $B$2, $B$4)), "")))))) -> 2.0588235 | CY10: =IF(CW10="Out", $C10) -> 1.9117647 | CZ10: =SUM(CX10,CY10) -> 3.9705882 | DA10: Out | DB10: =IF(DA10="Out", VALUE($D10), IF(OR(DD$3="", DD$4=""),"", IF(DA10=DA$3, IF(DB$3=DD$3, $B$3, IF(DB$3>DD$3, $B$2, $B$4)), IF(DA10=DC$3, IF(DD$3=DB$3, $B$3, IF(DD$3>DB$3, $B$2, $B$4)), IF(DA10=DA$4, IF(DB$4=DD$4, $B$3, IF(DB$4>DD$4, $B$2, $B$4)), IF(DA10=DC$4, IF(DD$4=DB$4, $B$3, IF(DD$4>DB$4, $B$2, $B$4)), "")))))) -> 2.0588235 | DC10: =IF(DA10="Out", $C10) -> 1.9117647 | DD10: =SUM(DB10,DC10) -> 3.9705882 | DE10: =SUM(CN10,CR10,CV10,CZ10,DD10) -> 19.852941 | DF10: Yellow | DG10: =IF(DF10="Out", VALUE($D10), IF(OR(DI$3="", DI$4=""),"", IF(DF10=DF$3, IF(DG$3=DI$3, $B$3, IF(DG$3>DI$3, $B$2, $B$4)), IF(DF10=DH$3, IF(DI$3=DG$3, $B$3, IF(DI$3>DG$3, $B$2, $B$4)), IF(DF10=DF$4, IF(DG$4=DI$4, $B$3, IF(DG$4>DI$4, $B$2, $B$4)), IF(DF10=DH$4, IF(DI$4=DG$4, $B$3, IF(DI$4>DG$4, $B$2, $B$4)), "")))))) -> 0 | DH10: 1 | DI10: =SUM(DG10,DH10) -> 1 | DJ10: Pink | DK10: =IF(DJ10="Out", VALUE($D10), IF(OR(DM$3="", DM$4=""),"", IF(DJ10=DJ$3, IF(DK$3=DM$3, $B$3, IF(DK$3>DM$3, $B$2, $B$4)), IF(DJ10=DL$3, IF(DM$3=DK$3, $B$3, IF(DM$3>DK$3, $B$2, $B$4)), IF(DJ10=DJ$4, IF(DK$4=DM$4, $B$3, IF(DK$4>DM$4, $B$2, $B$4)), IF(DJ10=DL$4, IF(DM$4=DK$4, $B$3, IF(DM$4>DK$4, $B$2, $B$4)), "")))))) -> 3 | DL10: 4 | DM10: =SUM(DK10,DL10) -> 7 | DN10: Yellow | DO10: =IF(DN10="Out", VALUE($D10), IF(OR(DQ$3="", DQ$4=""),"", IF(DN10=DN$3, IF(DO$3=DQ$3, $B$3, IF(DO$3>DQ$3, $B$2, $B$4)), IF(DN10=DP$3, IF(DQ$3=DO$3, $B$3, IF(DQ$3>DO$3, $B$2, $B$4)), IF(DN10=DN$4, IF(DO$4=DQ$4, $B$3, IF(DO$4>DQ$4, $B$2, $B$4)), IF(DN10=DP$4, IF(DQ$4=DO$4, $B$3, IF(DQ$4>DO$4, $B$2, $B$4)), "")))))) -> 3 | DP10: 2 | DQ10: =SUM(DO10,DP10) -> 5 | DR10: Pink | DS10: =IF(DR10="Out", VALUE($D10), IF(OR(DU$3="", DU$4=""),"", IF(DR10=DR$3, IF(DS$3=DU$3, $B$3, IF(DS$3>DU$3, $B$2, $B$4)), IF(DR10=DT$3, IF(DU$3=DS$3, $B$3, IF(DU$3>DS$3, $B$2, $B$4)), IF(DR10=DR$4, IF(DS$4=DU$4, $B$3, IF(DS$4>DU$4, $B$2, $B$4)), IF(DR10=DT$4, IF(DU$4=DS$4, $B$3, IF(DU$4>DS$4, $B$2, $B$4)), "")))))) -> 3 | DT10: 4 | DU10: =SUM(DS10,DT10) -> 7 | DV10: Blue | DW10: =IF(DV10="Out", VALUE($D10), IF(OR(DY$3="", DY$4=""),"", IF(DV10=DV$3, IF(DW$3=DY$3, $B$3, IF(DW$3>DY$3, $B$2, $B$4)), IF(DV10=DX$3, IF(DY$3=DW$3, $B$3, IF(DY$3>DW$3, $B$2, $B$4)), IF(DV10=DV$4, IF(DW$4=DY$4, $B$3, IF(DW$4>DY$4, $B$2, $B$4)), IF(DV10=DX$4, IF(DY$4=DW$4, $B$3, IF(DY$4>DW$4, $B$2, $B$4)), "")))))) -> 3 | DX10: 2 | DY10: =SUM(DW10,DX10) -> 5 | DZ10: =SUM(DI10,DM10,DQ10,DU10,DY10) -> 25 | EA10: Yellow | EB10: =IF(EA10="Out", VALUE($D10), IF(OR(ED$3="", ED$4=""),"", IF(EA10=EA$3, IF(EB$3=ED$3, $B$3, IF(EB$3>ED$3, $B$2, $B$4)), IF(EA10=EC$3, IF(ED$3=EB$3, $B$3, IF(ED$3>EB$3, $B$2, $B$4)), IF(EA10=EA$4, IF(EB$4=ED$4, $B$3, IF(EB$4>ED$4, $B$2, $B$4)), IF(EA10=EC$4, IF(ED$4=EB$4, $B$3, IF(ED$4>EB$4, $B$2, $B$4)), "")))))) -> 1 | EC10: 2 | ED10: =SUM(EB10,EC10) -> 3 | EE10: Pink | EF10: =IF(EE10="Out", VALUE($D10), IF(OR(EH$3="", EH$4=""),"", IF(EE10=EE$3, IF(EF$3=EH$3, $B$3, IF(EF$3>EH$3, $B$2, $B$4)), IF(EE10=EG$3, IF(EH$3=EF$3, $B$3, IF(EH$3>EF$3, $B$2, $B$4)), IF(EE10=EE$4, IF(EF$4=EH$4, $B$3, IF(EF$4>EH$4, $B$2, $B$4)), IF(EE10=EG$4, IF(EH$4=EF$4, $B$3, IF(EH$4>EF$4, $B$2, $B$4)), "")))))) -> 3 | EG10: 1 | EH10: =SUM(EF10,EG10) -> 4 | EI10: Jerseys | EJ10: =IF(EI10="Out", VALUE($D10), IF(OR(EL$3="", EL$4=""),"", IF(EI10=EI$3, IF(EJ$3=EL$3, $B$3, IF(EJ$3>EL$3, $B$2, $B$4)), IF(EI10=EK$3, IF(EL$3=EJ$3, $B$3, IF(EL$3>EJ$3, $B$2, $B$4)), IF(EI10=EI$4, IF(EJ$4=EL$4, $B$3, IF(EJ$4>EL$4, $B$2, $B$4)), IF(EI10=EK$4, IF(EL$4=EJ$4, $B$3, IF(EL$4>EJ$4, $B$2, $B$4)), "")))))) -> 3 | EK10: 1 | EL10: =SUM(EJ10,EK10) -> 4 | EM10: Blue | EN10: =IF(EM10="Out", VALUE($D10), IF(OR(EP$3="", EP$4=""),"", IF(EM10=EM$3, IF(EN$3=EP$3, $B$3, IF(EN$3>EP$3, $B$2, $B$4)), IF(EM10=EO$3, IF(EP$3=EN$3, $B$3, IF(EP$3>EN$3, $B$2, $B$4)), IF(EM10=EM$4, IF(EN$4=EP$4, $B$3, IF(EN$4>EP$4, $B$2, $B$4)), IF(EM10=EO$4, IF(EP$4=EN$4, $B$3, IF(EP$4>EN$4, $B$2, $B$4)), "")))))) -> 3 | EO10: 3 | EP10: =SUM(EN10,EO10) -> 6 | EQ10: Blue | ER10: =IF(EQ10="Out", VALUE($D10), IF(OR(ET$3="", ET$4=""),"", IF(EQ10=EQ$3, IF(ER$3=ET$3, $B$3, IF(ER$3>ET$3, $B$2, $B$4)), IF(EQ10=ES$3, IF(ET$3=ER$3, $B$3, IF(ET$3>ER$3, $B$2, $B$4)), IF(EQ10=EQ$4, IF(ER$4=ET$4, $B$3, IF(ER$4>ET$4, $B$2, $B$4)), IF(EQ10=ES$4, IF(ET$4=ER$4, $B$3, IF(ET$4>ER$4, $B$2, $B$4)), "")))))) -> 3 | ES10: 0 | ET10: =SUM(ER10,ES10) -> 3 | EU10: =SUM(ED10,EH10,EL10,EP10,ET10) -> 20 | EV10: Pink | EW10: =IF(EV10="Out", VALUE($D10), IF(OR(EY$3="", EY$4=""),"", IF(EV10=EV$3, IF(EW$3=EY$3, $B$3, IF(EW$3>EY$3, $B$2, $B$4)), IF(EV10=EX$3, IF(EY$3=EW$3, $B$3, IF(EY$3>EW$3, $B$2, $B$4)), IF(EV10=EV$4, IF(EW$4=EY$4, $B$3, IF(EW$4>EY$4, $B$2, $B$4)), IF(EV10=EX$4, IF(EY$4=EW$4, $B$3, IF(EY$4>EW$4, $B$2, $B$4)), "")))))) -> 0 | EX10: 0 | EY10: =SUM(EW10,EX10) -> 0 | EZ10: Jerseys | FA10: =IF(EZ10="Out", VALUE($D10), IF(OR(FC$3="", FC$4=""),"", IF(EZ10=EZ$3, IF(FA$3=FC$3, $B$3, IF(FA$3>FC$3, $B$2, $B$4)), IF(EZ10=FB$3, IF(FC$3=FA$3, $B$3, IF(FC$3>FA$3, $B$2, $B$4)), IF(EZ10=EZ$4, IF(FA$4=FC$4, $B$3, IF(FA$4>FC$4, $B$2, $B$4)), IF(EZ10=FB$4, IF(FC$4=FA$4, $B$3, IF(FC$4>FA$4, $B$2, $B$4)), "")))))) -> 3 | FB10: 0 | FC10: =SUM(FA10,FB10) -> 3 | FD10: Yellow | FE10: =IF(FD10="Out", VALUE($D10), IF(OR(FG$3="", FG$4=""),"", IF(FD10=FD$3, IF(FE$3=FG$3, $B$3, IF(FE$3>FG$3, $B$2, $B$4)), IF(FD10=FF$3, IF(FG$3=FE$3, $B$3, IF(FG$3>FE$3, $B$2, $B$4)), IF(FD10=FD$4, IF(FE$4=FG$4, $B$3, IF(FE$4>FG$4, $B$2, $B$4)), IF(FD10=FF$4, IF(FG$4=FE$4, $B$3, IF(FG$4>FE$4, $B$2, $B$4)), "")))))) -> 0 | FF10: 1 | FG10: =SUM(FE10,FF10) -> 1 | FH10: Jerseys | FI10: =IF(FH10="Out", VALUE($D10), IF(OR(FK$3="", FK$4=""),"", IF(FH10=FH$3, IF(FI$3=FK$3, $B$3, IF(FI$3>FK$3, $B$2, $B$4)), IF(FH10=FJ$3, IF(FK$3=FI$3, $B$3, IF(FK$3>FI$3, $B$2, $B$4)), IF(FH10=FH$4, IF(FI$4=FK$4, $B$3, IF(FI$4>FK$4, $B$2, $B$4)), IF(FH10=FJ$4, IF(FK$4=FI$4, $B$3, IF(FK$4>FI$4, $B$2, $B$4)), "")))))) -> 1 | FJ10: 5 | FK10: =SUM(FI10,FJ10) -> 6 | FL10: =SUM(EU10,EY10,FC10,FG10,FK10) -> 30
A11: Camalleri | B11: Ella | C11: =AVERAGEIF($7:$7,"Goals",11:11) -> 0.20512821 | D11: =VALUE(AVERAGEIF($E$7:$ZZ$7,"Team Pts",$E11:$ZZ11)) -> 1.1538462 | E11: Pink | F11: =IF(OR(H$3="", H$4=""),"", IF(E11=E$3, IF(F$3=H$3, B$3, IF(F$3>H$3, B$2, B$4)), IF(E11=G$3, IF(H$3=F$3, B$3, IF(H$3>F$3, B$2, B$4)), IF(E11=E$4, IF(F$4=H$4, B$3, IF(F$4>H$4, B$2, B$4)), IF(E11=G$4, IF(H$4=F$4, B$3, IF(H$4>F$4, B$2, B$4)), ""))))) -> 0 | G11: 0 | H11: =SUM(F11,G11) -> 0 | I11: Jerseys | J11: =IF(OR(L$3="", L$4=""),"", IF(I11=I$3, IF(J$3=L$3, B$3, IF(J$3>L$3, B$2, B$4)), IF(I11=K$3, IF(L$3=J$3, B$3, IF(L$3>J$3, B$2, B$4)), IF(I11=I$4, IF(J$4=L$4, B$3, IF(J$4>L$4, B$2, B$4)), IF(I11=K$4, IF(L$4=J$4, B$3, IF(L$4>J$4, B$2, B$4)), ""))))) -> 0 | K11: 0 | L11: =SUM(J11,K11) -> 0 | M11: Blue | N11: =IF(OR(P$3="", P$4=""),"", IF(M11=M$3, IF(N$3=P$3, B$3, IF(N$3>P$3, B$2, B$4)), IF(M11=O$3, IF(P$3=N$3, B$3, IF(P$3>N$3, B$2, B$4)), IF(M11=M$4, IF(N$4=P$4, B$3, IF(N$4>P$4, B$2, B$4)), IF(M11=O$4, IF(P$4=N$4, B$3, IF(P$4>N$4, B$2, B$4)), ""))))) -> 3 | O11: 0 | P11: =SUM(N11,O11) -> 3 | Q11: Yellow | R11: =IF(OR(T$3="", T$4=""),"", IF(Q11=Q$3, IF(R$3=T$3, B$3, IF(R$3>T$3, B$2, B$4)), IF(Q11=S$3, IF(T$3=R$3, B$3, IF(T$3>R$3, B$2, B$4)), IF(Q11=Q$4, IF(R$4=T$4, B$3, IF(R$4>T$4, B$2, B$4)), IF(Q11=S$4, IF(T$4=R$4, B$3, IF(T$4>R$4, B$2, B$4)), ""))))) -> 0 | S11: 0 | T11: =SUM(R11,S11) -> 0 | U11: Pink | V11: =IF(OR(X$3="", X$4=""),"", IF(U11=U$3, IF(V$3=X$3, B$3, IF(V$3>X$3, B$2, B$4)), IF(U11=W$3, IF(X$3=V$3, B$3, IF(X$3>V$3, B$2, B$4)), IF(U11=U$4, IF(V$4=X$4, B$3, IF(V$4>X$4, B$2, B$4)), IF(U11=W$4, IF(X$4=V$4, B$3, IF(X$4>V$4, B$2, B$4)), ""))))) -> 3 | W11: 1 | X11: =SUM(V11,W11) -> 4 | Y11: =SUM(H11,L11,P11,T11,X11) -> 7 | Z11: Pink | AA11: =IF(Z11="Out", VALUE($D11), IF(OR(AC$3="", AC$4=""),"", IF(Z11=Z$3, IF(AA$3=AC$3, $B$3, IF(AA$3>AC$3, $B$2, $B$4)), IF(Z11=AB$3, IF(AC$3=AA$3, $B$3, IF(AC$3>AA$3, $B$2, $B$4)), IF(Z11=Z$4, IF(AA$4=AC$4, $B$3, IF(AA$4>AC$4, $B$2, $B$4)), IF(Z11=AB$4, IF(AC$4=AA$4, $B$3, IF(AC$4>AA$4, $B$2, $B$4)), "")))))) -> 0 | AB11: 0 | AC11: =SUM(AA11,AB11) -> 0 | AD11: Pink | AE11: =IF(AD11="Out", VALUE($D11), IF(OR(AG$3="", AG$4=""),"", IF(AD11=AD$3, IF(AE$3=AG$3, $B$3, IF(AE$3>AG$3, $B$2, $B$4)), IF(AD11=AF$3, IF(AG$3=AE$3, $B$3, IF(AG$3>AE$3, $B$2, $B$4)), IF(AD11=AD$4, IF(AE$4=AG$4, $B$3, IF(AE$4>AG$4, $B$2, $B$4)), IF(AD11=AF$4, IF(AG$4=AE$4, $B$3, IF(AG$4>AE$4, $B$2, $B$4)), "")))))) -> 3 | AF11: 0 | AG11: =SUM(AE11,AF11) -> 3 | AH11: Blue | AI11: =IF(OR(AK$3="", AK$4=""),"", IF(AH11=AH$3, IF(AI$3=AK$3, $B$3, IF(AI$3>AK$3, $B$2, $B$4)), IF(AH11=AJ$3, IF(AK$3=AI$3, $B$3, IF(AK$3>AI$3, $B$2, $B$4)), IF(AH11=AH$4, IF(AI$4=AK$4, $B$3, IF(AI$4>AK$4, $B$2, $B$4)), IF(AH11=AJ$4, IF(AK$4=AI$4, $B$3, IF(AK$4>AI$4, $B$2, $B$4)), ""))))) -> 1 | AJ11: 0 | AK11: =SUM(AI11,AJ11) -> 1 | AL11: Blue | AM11: =IF(OR(AO$3="", AO$4=""),"", IF(AL11=AL$3, IF(AM$3=AO$3, $B$3, IF(AM$3>AO$3, $B$2, $B$4)), IF(AL11=AN$3, IF(AO$3=AM$3, $B$3, IF(AO$3>AM$3, $B$2, $B$4)), IF(AL11=AL$4, IF(AM$4=AO$4, $B$3, IF(AM$4>AO$4, $B$2, $B$4)), IF(AL11=AN$4, IF(AO$4=AM$4, $B$3, IF(AO$4>AM$4, $B$2, $B$4)), ""))))) -> 0 | AN11: 0 | AO11: =SUM(AM11,AN11) -> 0 | AP11: Jerseys | AQ11: =IF(OR(AS$3="", AS$4=""),"", IF(AP11=AP$3, IF(AQ$3=AS$3, $B$3, IF(AQ$3>AS$3, $B$2, $B$4)), IF(AP11=AR$3, IF(AS$3=AQ$3, $B$3, IF(AS$3>AQ$3, $B$2, $B$4)), IF(AP11=AP$4, IF(AQ$4=AS$4, $B$3, IF(AQ$4>AS$4, $B$2, $B$4)), IF(AP11=AR$4, IF(AS$4=AQ$4, $B$3, IF(AS$4>AQ$4, $B$2, $B$4)), ""))))) -> 0 | AR11: 0 | AS11: =SUM(AQ11,AR11) -> 0 | AT11: =SUM(AC11,AG11,AK11,AO11,AS11) -> 4 | AU11: Pink | AV11: =IF(AU11="Out", VALUE($D11), IF(OR(AX$3="", AX$4=""),"", IF(AU11=AU$3, IF(AV$3=AX$3, $B$3, IF(AV$3>AX$3, $B$2, $B$4)), IF(AU11=AW$3, IF(AX$3=AV$3, $B$3, IF(AX$3>AV$3, $B$2, $B$4)), IF(AU11=AU$4, IF(AV$4=AX$4, $B$3, IF(AV$4>AX$4, $B$2, $B$4)), IF(AU11=AW$4, IF(AX$4=AV$4, $B$3, IF(AX$4>AV$4, $B$2, $B$4)), "")))))) -> 0 | AW11: 0 | AX11: =SUM(AV11,AW11) -> 0 | AY11: Blue | AZ11: =IF(AY11="Out", VALUE($D11), IF(OR(BB$3="", BB$4=""),"", IF(AY11=AY$3, IF(AZ$3=BB$3, $B$3, IF(AZ$3>BB$3, $B$2, $B$4)), IF(AY11=BA$3, IF(BB$3=AZ$3, $B$3, IF(BB$3>AZ$3, $B$2, $B$4)), IF(AY11=AY$4, IF(AZ$4=BB$4, $B$3, IF(AZ$4>BB$4, $B$2, $B$4)), IF(AY11=BA$4, IF(BB$4=AZ$4, $B$3, IF(BB$4>AZ$4, $B$2, $B$4)), "")))))) -> 1 | BA11: 2 | BB11: =SUM(AZ11,BA11) -> 3 | BC11: Blue | BD11: =IF(BC11="Out", VALUE($D11), IF(OR(BF$3="", BF$4=""),"", IF(BC11=BC$3, IF(BD$3=BF$3, $B$3, IF(BD$3>BF$3, $B$2, $B$4)), IF(BC11=BE$3, IF(BF$3=BD$3, $B$3, IF(BF$3>BD$3, $B$2, $B$4)), IF(BC11=BC$4, IF(BD$4=BF$4, $B$3, IF(BD$4>BF$4, $B$2, $B$4)), IF(BC11=BE$4, IF(BF$4=BD$4, $B$3, IF(BF$4>BD$4, $B$2, $B$4)), "")))))) -> 0 | BE11: 0 | BF11: =SUM(BD11,BE11) -> 0 | BG11: Blue | BH11: =IF(BG11="Out", VALUE($D11), IF(OR(BJ$3="", BJ$4=""),"", IF(BG11=BG$3, IF(BH$3=BJ$3, $B$3, IF(BH$3>BJ$3, $B$2, $B$4)), IF(BG11=BI$3, IF(BJ$3=BH$3, $B$3, IF(BJ$3>BH$3, $B$2, $B$4)), IF(BG11=BG$4, IF(BH$4=BJ$4, $B$3, IF(BH$4>BJ$4, $B$2, $B$4)), IF(BG11=BI$4, IF(BJ$4=BH$4, $B$3, IF(BJ$4>BH$4, $B$2, $B$4)), "")))))) -> 0 | BI11: 2 | BJ11: =SUM(BH11,BI11) -> 2 | BK11: Blue | BL11: =IF(BK11="Out", VALUE($D11), IF(OR(BN$3="", BN$4=""),"", IF(BK11=BK$3, IF(BL$3=BN$3, $B$3, IF(BL$3>BN$3, $B$2, $B$4)), IF(BK11=BM$3, IF(BN$3=BL$3, $B$3, IF(BN$3>BL$3, $B$2, $B$4)), IF(BK11=BK$4, IF(BL$4=BN$4, $B$3, IF(BL$4>BN$4, $B$2, $B$4)), IF(BK11=BM$4, IF(BN$4=BL$4, $B$3, IF(BN$4>BL$4, $B$2, $B$4)), "")))))) -> 0 | BM11: 0 | BN11: =SUM(BL11,BM11) -> 0 | BO11: =SUM(AX11,BB11,BF11,BJ11,BN11) -> 5 | BP11: Jerseys | BQ11: =IF(BP11="Out", VALUE($D11), IF(OR(BS$3="", BS$4=""),"", IF(BP11=BP$3, IF(BQ$3=BS$3, $B$3, IF(BQ$3>BS$3, $B$2, $B$4)), IF(BP11=BR$3, IF(BS$3=BQ$3, $B$3, IF(BS$3>BQ$3, $B$2, $B$4)), IF(BP11=BP$4, IF(BQ$4=BS$4, $B$3, IF(BQ$4>BS$4, $B$2, $B$4)), IF(BP11=BR$4, IF(BS$4=BQ$4, $B$3, IF(BS$4>BQ$4, $B$2, $B$4)), "")))))) -> 0 | BR11: 0 | BS11: =SUM(BQ11,BR11) -> 0 | BT11: Jerseys | BU11: =IF(BT11="Out", VALUE($D11), IF(OR(BW$3="", BW$4=""),"", IF(BT11=BT$3, IF(BU$3=BW$3, $B$3, IF(BU$3>BW$3, $B$2, $B$4)), IF(BT11=BV$3, IF(BW$3=BU$3, $B$3, IF(BW$3>BU$3, $B$2, $B$4)), IF(BT11=BT$4, IF(BU$4=BW$4, $B$3, IF(BU$4>BW$4, $B$2, $B$4)), IF(BT11=BV$4, IF(BW$4=BU$4, $B$3, IF(BW$4>BU$4, $B$2, $B$4)), "")))))) -> 0 | BV11: 0 | BW11: =SUM(BU11,BV11) -> 0 | BX11: Pink | BY11: =IF(BX11="Out", VALUE($D11), IF(OR(CA$3="", CA$4=""),"", IF(BX11=BX$3, IF(BY$3=CA$3, $B$3, IF(BY$3>CA$3, $B$2, $B$4)), IF(BX11=BZ$3, IF(CA$3=BY$3, $B$3, IF(CA$3>BY$3, $B$2, $B$4)), IF(BX11=BX$4, IF(BY$4=CA$4, $B$3, IF(BY$4>CA$4, $B$2, $B$4)), IF(BX11=BZ$4, IF(CA$4=BY$4, $B$3, IF(CA$4>BY$4, $B$2, $B$4)), "")))))) -> 0 | BZ11: 1 | CA11: =SUM(BY11,BZ11) -> 1 | CB11: Blue | CC11: =IF(CB11="Out", VALUE($D11), IF(OR(CE$3="", CE$4=""),"", IF(CB11=CB$3, IF(CC$3=CE$3, $B$3, IF(CC$3>CE$3, $B$2, $B$4)), IF(CB11=CD$3, IF(CE$3=CC$3, $B$3, IF(CE$3>CC$3, $B$2, $B$4)), IF(CB11=CB$4, IF(CC$4=CE$4, $B$3, IF(CC$4>CE$4, $B$2, $B$4)), IF(CB11=CD$4, IF(CE$4=CC$4, $B$3, IF(CE$4>CC$4, $B$2, $B$4)), "")))))) -> 0 | CD11: 1 | CE11: =SUM(CC11,CD11) -> 1 | CF11: Jerseys | CG11: =IF(CF11="Out", VALUE($D11), IF(OR(CI$3="", CI$4=""),"", IF(CF11=CF$3, IF(CG$3=CI$3, $B$3, IF(CG$3>CI$3, $B$2, $B$4)), IF(CF11=CH$3, IF(CI$3=CG$3, $B$3, IF(CI$3>CG$3, $B$2, $B$4)), IF(CF11=CF$4, IF(CG$4=CI$4, $B$3, IF(CG$4>CI$4, $B$2, $B$4)), IF(CF11=CH$4, IF(CI$4=CG$4, $B$3, IF(CI$4>CG$4, $B$2, $B$4)), "")))))) -> 3 | CH11: 0 | CI11: =SUM(CG11,CH11) -> 3 | CJ11: =SUM(BS11,BW11,CA11,CE11,CI11) -> 5 | CK11: Yellow | CL11: =IF(CK11="Out", VALUE($D11), IF(OR(CN$3="", CN$4=""),"", IF(CK11=CK$3, IF(CL$3=CN$3, $B$3, IF(CL$3>CN$3, $B$2, $B$4)), IF(CK11=CM$3, IF(CN$3=CL$3, $B$3, IF(CN$3>CL$3, $B$2, $B$4)), IF(CK11=CK$4, IF(CL$4=CN$4, $B$3, IF(CL$4>CN$4, $B$2, $B$4)), IF(CK11=CM$4, IF(CN$4=CL$4, $B$3, IF(CN$4>CL$4, $B$2, $B$4)), "")))))) -> 0 | CM11: 0 | CN11: =SUM(CL11,CM11) -> 0 | CO11: Jerseys | CP11: =IF(CO11="Out", VALUE($D11), IF(OR(CR$3="", CR$4=""),"", IF(CO11=CO$3, IF(CP$3=CR$3, $B$3, IF(CP$3>CR$3, $B$2, $B$4)), IF(CO11=CQ$3, IF(CR$3=CP$3, $B$3, IF(CR$3>CP$3, $B$2, $B$4)), IF(CO11=CO$4, IF(CP$4=CR$4, $B$3, IF(CP$4>CR$4, $B$2, $B$4)), IF(CO11=CQ$4, IF(CR$4=CP$4, $B$3, IF(CR$4>CP$4, $B$2, $B$4)), "")))))) -> 3 | CQ11: 0 | CR11: =SUM(CP11,CQ11) -> 3 | CS11: Jerseys | CT11: =IF(CS11="Out", VALUE($D11), IF(OR(CV$3="", CV$4=""),"", IF(CS11=CS$3, IF(CT$3=CV$3, $B$3, IF(CT$3>CV$3, $B$2, $B$4)), IF(CS11=CU$3, IF(CV$3=CT$3, $B$3, IF(CV$3>CT$3, $B$2, $B$4)), IF(CS11=CS$4, IF(CT$4=CV$4, $B$3, IF(CT$4>CV$4, $B$2, $B$4)), IF(CS11=CU$4, IF(CV$4=CT$4, $B$3, IF(CV$4>CT$4, $B$2, $B$4)), "")))))) -> 3 | CU11: 0 | CV11: =SUM(CT11,CU11) -> 3 | CW11: Pink | CX11: =IF(CW11="Out", VALUE($D11), IF(OR(CZ$3="", CZ$4=""),"", IF(CW11=CW$3, IF(CX$3=CZ$3, $B$3, IF(CX$3>CZ$3, $B$2, $B$4)), IF(CW11=CY$3, IF(CZ$3=CX$3, $B$3, IF(CZ$3>CX$3, $B$2, $B$4)), IF(CW11=CW$4, IF(CX$4=CZ$4, $B$3, IF(CX$4>CZ$4, $B$2, $B$4)), IF(CW11=CY$4, IF(CZ$4=CX$4, $B$3, IF(CZ$4>CX$4, $B$2, $B$4)), "")))))) -> 3 | CY11: 0 | CZ11: =SUM(CX11,CY11) -> 3 | DA11: Blue | DB11: =IF(DA11="Out", VALUE($D11), IF(OR(DD$3="", DD$4=""),"", IF(DA11=DA$3, IF(DB$3=DD$3, $B$3, IF(DB$3>DD$3, $B$2, $B$4)), IF(DA11=DC$3, IF(DD$3=DB$3, $B$3, IF(DD$3>DB$3, $B$2, $B$4)), IF(DA11=DA$4, IF(DB$4=DD$4, $B$3, IF(DB$4>DD$4, $B$2, $B$4)), IF(DA11=DC$4, IF(DD$4=DB$4, $B$3, IF(DD$4>DB$4, $B$2, $B$4)), "")))))) -> 0 | DC11: 1 | DD11: =SUM(DB11,DC11) -> 1 | DE11: =SUM(CN11,CR11,CV11,CZ11,DD11) -> 10 | DF11: Blue | DG11: =IF(DF11="Out", VALUE($D11), IF(OR(DI$3="", DI$4=""),"", IF(DF11=DF$3, IF(DG$3=DI$3, $B$3, IF(DG$3>DI$3, $B$2, $B$4)), IF(DF11=DH$3, IF(DI$3=DG$3, $B$3, IF(DI$3>DG$3, $B$2, $B$4)), IF(DF11=DF$4, IF(DG$4=DI$4, $B$3, IF(DG$4>DI$4, $B$2, $B$4)), IF(DF11=DH$4, IF(DI$4=DG$4, $B$3, IF(DI$4>DG$4, $B$2, $B$4)), "")))))) -> 3 | DH11: 0 | DI11: =SUM(DG11,DH11) -> 3 | DJ11: Jerseys | DK11: =IF(DJ11="Out", VALUE($D11), IF(OR(DM$3="", DM$4=""),"", IF(DJ11=DJ$3, IF(DK$3=DM$3, $B$3, IF(DK$3>DM$3, $B$2, $B$4)), IF(DJ11=DL$3, IF(DM$3=DK$3, $B$3, IF(DM$3>DK$3, $B$2, $B$4)), IF(DJ11=DJ$4, IF(DK$4=DM$4, $B$3, IF(DK$4>DM$4, $B$2, $B$4)), IF(DJ11=DL$4, IF(DM$4=DK$4, $B$3, IF(DM$4>DK$4, $B$2, $B$4)), "")))))) -> 3 | DL11: 0 | DM11: =SUM(DK11,DL11) -> 3 | DN11: Blue | DO11: =IF(DN11="Out", VALUE($D11), IF(OR(DQ$3="", DQ$4=""),"", IF(DN11=DN$3, IF(DO$3=DQ$3, $B$3, IF(DO$3>DQ$3, $B$2, $B$4)), IF(DN11=DP$3, IF(DQ$3=DO$3, $B$3, IF(DQ$3>DO$3, $B$2, $B$4)), IF(DN11=DN$4, IF(DO$4=DQ$4, $B$3, IF(DO$4>DQ$4, $B$2, $B$4)), IF(DN11=DP$4, IF(DQ$4=DO$4, $B$3, IF(DQ$4>DO$4, $B$2, $B$4)), "")))))) -> 0 | DP11: 0 | DQ11: =SUM(DO11,DP11) -> 0 | DR11: Pink | DS11: =IF(DR11="Out", VALUE($D11), IF(OR(DU$3="", DU$4=""),"", IF(DR11=DR$3, IF(DS$3=DU$3, $B$3, IF(DS$3>DU$3, $B$2, $B$4)), IF(DR11=DT$3, IF(DU$3=DS$3, $B$3, IF(DU$3>DS$3, $B$2, $B$4)), IF(DR11=DR$4, IF(DS$4=DU$4, $B$3, IF(DS$4>DU$4, $B$2, $B$4)), IF(DR11=DT$4, IF(DU$4=DS$4, $B$3, IF(DU$4>DS$4, $B$2, $B$4)), "")))))) -> 3 | DT11: 0 | DU11: =SUM(DS11,DT11) -> 3 | DV11: Pink | DW11: =IF(DV11="Out", VALUE($D11), IF(OR(DY$3="", DY$4=""),"", IF(DV11=DV$3, IF(DW$3=DY$3, $B$3, IF(DW$3>DY$3, $B$2, $B$4)), IF(DV11=DX$3, IF(DY$3=DW$3, $B$3, IF(DY$3>DW$3, $B$2, $B$4)), IF(DV11=DV$4, IF(DW$4=DY$4, $B$3, IF(DW$4>DY$4, $B$2, $B$4)), IF(DV11=DX$4, IF(DY$4=DW$4, $B$3, IF(DY$4>DW$4, $B$2, $B$4)), "")))))) -> 0 | DX11: 0 | DY11: =SUM(DW11,DX11) -> 0 | DZ11: =SUM(DI11,DM11,DQ11,DU11,DY11) -> 9 | EA11: Yellow | EB11: =IF(EA11="Out", VALUE($D11), IF(OR(ED$3="", ED$4=""),"", IF(EA11=EA$3, IF(EB$3=ED$3, $B$3, IF(EB$3>ED$3, $B$2, $B$4)), IF(EA11=EC$3, IF(ED$3=EB$3, $B$3, IF(ED$3>EB$3, $B$2, $B$4)), IF(EA11=EA$4, IF(EB$4=ED$4, $B$3, IF(EB$4>ED$4, $B$2, $B$4)), IF(EA11=EC$4, IF(ED$4=EB$4, $B$3, IF(ED$4>EB$4, $B$2, $B$4)), "")))))) -> 1 | EC11: 0 | ED11: =SUM(EB11,EC11) -> 1 | EE11: Blue | EF11: =IF(EE11="Out", VALUE($D11), IF(OR(EH$3="", EH$4=""),"", IF(EE11=EE$3, IF(EF$3=EH$3, $B$3, IF(EF$3>EH$3, $B$2, $B$4)), IF(EE11=EG$3, IF(EH$3=EF$3, $B$3, IF(EH$3>EF$3, $B$2, $B$4)), IF(EE11=EE$4, IF(EF$4=EH$4, $B$3, IF(EF$4>EH$4, $B$2, $B$4)), IF(EE11=EG$4, IF(EH$4=EF$4, $B$3, IF(EH$4>EF$4, $B$2, $B$4)), "")))))) -> 0 | EG11: 0 | EH11: =SUM(EF11,EG11) -> 0 | EI11: Yellow | EJ11: =IF(EI11="Out", VALUE($D11), IF(OR(EL$3="", EL$4=""),"", IF(EI11=EI$3, IF(EJ$3=EL$3, $B$3, IF(EJ$3>EL$3, $B$2, $B$4)), IF(EI11=EK$3, IF(EL$3=EJ$3, $B$3, IF(EL$3>EJ$3, $B$2, $B$4)), IF(EI11=EI$4, IF(EJ$4=EL$4, $B$3, IF(EJ$4>EL$4, $B$2, $B$4)), IF(EI11=EK$4, IF(EL$4=EJ$4, $B$3, IF(EL$4>EJ$4, $B$2, $B$4)), "")))))) -> 0 | EK11: 0 | EL11: =SUM(EJ11,EK11) -> 0 | EM11: Pink | EN11: =IF(EM11="Out", VALUE($D11), IF(OR(EP$3="", EP$4=""),"", IF(EM11=EM$3, IF(EN$3=EP$3, $B$3, IF(EN$3>EP$3, $B$2, $B$4)), IF(EM11=EO$3, IF(EP$3=EN$3, $B$3, IF(EP$3>EN$3, $B$2, $B$4)), IF(EM11=EM$4, IF(EN$4=EP$4, $B$3, IF(EN$4>EP$4, $B$2, $B$4)), IF(EM11=EO$4, IF(EP$4=EN$4, $B$3, IF(EP$4>EN$4, $B$2, $B$4)), "")))))) -> 0 | EO11: 0 | EP11: =SUM(EN11,EO11) -> 0 | EQ11: Jerseys | ER11: =IF(EQ11="Out", VALUE($D11), IF(OR(ET$3="", ET$4=""),"", IF(EQ11=EQ$3, IF(ER$3=ET$3, $B$3, IF(ER$3>ET$3, $B$2, $B$4)), IF(EQ11=ES$3, IF(ET$3=ER$3, $B$3, IF(ET$3>ER$3, $B$2, $B$4)), IF(EQ11=EQ$4, IF(ER$4=ET$4, $B$3, IF(ER$4>ET$4, $B$2, $B$4)), IF(EQ11=ES$4, IF(ET$4=ER$4, $B$3, IF(ET$4>ER$4, $B$2, $B$4)), "")))))) -> 3 | ES11: 0 | ET11: =SUM(ER11,ES11) -> 3 | EU11: =SUM(ED11,EH11,EL11,EP11,ET11) -> 4 | EV11: Blue | EW11: =IF(EV11="Out", VALUE($D11), IF(OR(EY$3="", EY$4=""),"", IF(EV11=EV$3, IF(EW$3=EY$3, $B$3, IF(EW$3>EY$3, $B$2, $B$4)), IF(EV11=EX$3, IF(EY$3=EW$3, $B$3, IF(EY$3>EW$3, $B$2, $B$4)), IF(EV11=EV$4, IF(EW$4=EY$4, $B$3, IF(EW$4>EY$4, $B$2, $B$4)), IF(EV11=EX$4, IF(EY$4=EW$4, $B$3, IF(EY$4>EW$4, $B$2, $B$4)), "")))))) -> 3 | EX11: 0 | EY11: =SUM(EW11,EX11) -> 3 | EZ11: Pink | FA11: =IF(EZ11="Out", VALUE($D11), IF(OR(FC$3="", FC$4=""),"", IF(EZ11=EZ$3, IF(FA$3=FC$3, $B$3, IF(FA$3>FC$3, $B$2, $B$4)), IF(EZ11=FB$3, IF(FC$3=FA$3, $B$3, IF(FC$3>FA$3, $B$2, $B$4)), IF(EZ11=EZ$4, IF(FA$4=FC$4, $B$3, IF(FA$4>FC$4, $B$2, $B$4)), IF(EZ11=FB$4, IF(FC$4=FA$4, $B$3, IF(FC$4>FA$4, $B$2, $B$4)), "")))))) -> 3 | FB11: 0 | FC11: =SUM(FA11,FB11) -> 3 | FD11: Blue | FE11: =IF(FD11="Out", VALUE($D11), IF(OR(FG$3="", FG$4=""),"", IF(FD11=FD$3, IF(FE$3=FG$3, $B$3, IF(FE$3>FG$3, $B$2, $B$4)), IF(FD11=FF$3, IF(FG$3=FE$3, $B$3, IF(FG$3>FE$3, $B$2, $B$4)), IF(FD11=FD$4, IF(FE$4=FG$4, $B$3, IF(FE$4>FG$4, $B$2, $B$4)), IF(FD11=FF$4, IF(FG$4=FE$4, $B$3, IF(FG$4>FE$4, $B$2, $B$4)), "")))))) -> 0 | FF11: 0 | FG11: =SUM(FE11,FF11) -> 0 | FH11: Blue | FI11: =IF(FH11="Out", VALUE($D11), IF(OR(FK$3="", FK$4=""),"", IF(FH11=FH$3, IF(FI$3=FK$3, $B$3, IF(FI$3>FK$3, $B$2, $B$4)), IF(FH11=FJ$3, IF(FK$3=FI$3, $B$3, IF(FK$3>FI$3, $B$2, $B$4)), IF(FH11=FH$4, IF(FI$4=FK$4, $B$3, IF(FI$4>FK$4, $B$2, $B$4)), IF(FH11=FJ$4, IF(FK$4=FI$4, $B$3, IF(FK$4>FI$4, $B$2, $B$4)), "")))))) -> 3 | FJ11: 0 | FK11: =SUM(FI11,FJ11) -> 3 | FL11: =SUM(EU11,EY11,FC11,FG11,FK11) -> 13
A12: Chizuk | B12: Jordan | C12: =AVERAGEIF($7:$7,"Goals",12:12) -> 1.0967742 | D12: =VALUE(AVERAGEIF($E$7:$ZZ$7,"Team Pts",$E12:$ZZ12)) -> 1.7 | E12: Jerseys | F12: =IF(OR(H$3="", H$4=""),"", IF(E12=E$3, IF(F$3=H$3, B$3, IF(F$3>H$3, B$2, B$4)), IF(E12=G$3, IF(H$3=F$3, B$3, IF(H$3>F$3, B$2, B$4)), IF(E12=E$4, IF(F$4=H$4, B$3, IF(F$4>H$4, B$2, B$4)), IF(E12=G$4, IF(H$4=F$4, B$3, IF(H$4>F$4, B$2, B$4)), ""))))) -> 0 | G12: 0 | H12: =SUM(F12,G12) -> 0 | I12: Pink | J12: =IF(OR(L$3="", L$4=""),"", IF(I12=I$3, IF(J$3=L$3, B$3, IF(J$3>L$3, B$2, B$4)), IF(I12=K$3, IF(L$3=J$3, B$3, IF(L$3>J$3, B$2, B$4)), IF(I12=I$4, IF(J$4=L$4, B$3, IF(J$4>L$4, B$2, B$4)), IF(I12=K$4, IF(L$4=J$4, B$3, IF(L$4>J$4, B$2, B$4)), ""))))) -> 0 | K12: 0 | L12: =SUM(J12,K12) -> 0 | M12: Yellow | N12: =IF(OR(P$3="", P$4=""),"", IF(M12=M$3, IF(N$3=P$3, B$3, IF(N$3>P$3, B$2, B$4)), IF(M12=O$3, IF(P$3=N$3, B$3, IF(P$3>N$3, B$2, B$4)), IF(M12=M$4, IF(N$4=P$4, B$3, IF(N$4>P$4, B$2, B$4)), IF(M12=O$4, IF(P$4=N$4, B$3, IF(P$4>N$4, B$2, B$4)), ""))))) -> 3 | O12: 1 | P12: =SUM(N12,O12) -> 4 | Q12: Yellow | R12: =IF(OR(T$3="", T$4=""),"", IF(Q12=Q$3, IF(R$3=T$3, B$3, IF(R$3>T$3, B$2, B$4)), IF(Q12=S$3, IF(T$3=R$3, B$3, IF(T$3>R$3, B$2, B$4)), IF(Q12=Q$4, IF(R$4=T$4, B$3, IF(R$4>T$4, B$2, B$4)), IF(Q12=S$4, IF(T$4=R$4, B$3, IF(T$4>R$4, B$2, B$4)), ""))))) -> 0 | S12: 1 | T12: =SUM(R12,S12) -> 1 | U12: Pink | V12: =IF(OR(X$3="", X$4=""),"", IF(U12=U$3, IF(V$3=X$3, B$3, IF(V$3>X$3, B$2, B$4)), IF(U12=W$3, IF(X$3=V$3, B$3, IF(X$3>V$3, B$2, B$4)), IF(U12=U$4, IF(V$4=X$4, B$3, IF(V$4>X$4, B$2, B$4)), IF(U12=W$4, IF(X$4=V$4, B$3, IF(X$4>V$4, B$2, B$4)), ""))))) -> 3 | W12: 1 | X12: =SUM(V12,W12) -> 4 | Y12: =SUM(H12,L12,P12,T12,X12) -> 9 | Z12: Pink | AA12: =IF(Z12="Out", VALUE($D12), IF(OR(AC$3="", AC$4=""),"", IF(Z12=Z$3, IF(AA$3=AC$3, $B$3, IF(AA$3>AC$3, $B$2, $B$4)), IF(Z12=AB$3, IF(AC$3=AA$3, $B$3, IF(AC$3>AA$3, $B$2, $B$4)), IF(Z12=Z$4, IF(AA$4=AC$4, $B$3, IF(AA$4>AC$4, $B$2, $B$4)), IF(Z12=AB$4, IF(AC$4=AA$4, $B$3, IF(AC$4>AA$4, $B$2, $B$4)), "")))))) -> 0 | AB12: 1 | AC12: =SUM(AA12,AB12) -> 1 | AD12: Blue | AE12: =IF(AD12="Out", VALUE($D12), IF(OR(AG$3="", AG$4=""),"", IF(AD12=AD$3, IF(AE$3=AG$3, $B$3, IF(AE$3>AG$3, $B$2, $B$4)), IF(AD12=AF$3, IF(AG$3=AE$3, $B$3, IF(AG$3>AE$3, $B$2, $B$4)), IF(AD12=AD$4, IF(AE$4=AG$4, $B$3, IF(AE$4>AG$4, $B$2, $B$4)), IF(AD12=AF$4, IF(AG$4=AE$4, $B$3, IF(AG$4>AE$4, $B$2, $B$4)), "")))))) -> 0 | AF12: 0 | AG12: =SUM(AE12,AF12) -> 0 | AH12: Pink | AI12: =IF(OR(AK$3="", AK$4=""),"", IF(AH12=AH$3, IF(AI$3=AK$3, $B$3, IF(AI$3>AK$3, $B$2, $B$4)), IF(AH12=AJ$3, IF(AK$3=AI$3, $B$3, IF(AK$3>AI$3, $B$2, $B$4)), IF(AH12=AH$4, IF(AI$4=AK$4, $B$3, IF(AI$4>AK$4, $B$2, $B$4)), IF(AH12=AJ$4, IF(AK$4=AI$4, $B$3, IF(AK$4>AI$4, $B$2, $B$4)), ""))))) -> 1 | AJ12: 0 | AK12: =SUM(AI12,AJ12) -> 1 | AL12: Pink | AM12: =IF(OR(AO$3="", AO$4=""),"", IF(AL12=AL$3, IF(AM$3=AO$3, $B$3, IF(AM$3>AO$3, $B$2, $B$4)), IF(AL12=AN$3, IF(AO$3=AM$3, $B$3, IF(AO$3>AM$3, $B$2, $B$4)), IF(AL12=AL$4, IF(AM$4=AO$4, $B$3, IF(AM$4>AO$4, $B$2, $B$4)), IF(AL12=AN$4, IF(AO$4=AM$4, $B$3, IF(AO$4>AM$4, $B$2, $B$4)), ""))))) -> 3 | AN12: 0 | AO12: =SUM(AM12,AN12) -> 3 | AP12: Blue | AQ12: =IF(OR(AS$3="", AS$4=""),"", IF(AP12=AP$3, IF(AQ$3=AS$3, $B$3, IF(AQ$3>AS$3, $B$2, $B$4)), IF(AP12=AR$3, IF(AS$3=AQ$3, $B$3, IF(AS$3>AQ$3, $B$2, $B$4)), IF(AP12=AP$4, IF(AQ$4=AS$4, $B$3, IF(AQ$4>AS$4, $B$2, $B$4)), IF(AP12=AR$4, IF(AS$4=AQ$4, $B$3, IF(AS$4>AQ$4, $B$2, $B$4)), ""))))) -> 3 | AR12: 3 | AS12: =SUM(AQ12,AR12) -> 6 | AT12: =SUM(AC12,AG12,AK12,AO12,AS12) -> 11 | AU12: Yellow | AV12: =IF(AU12="Out", VALUE($D12), IF(OR(AX$3="", AX$4=""),"", IF(AU12=AU$3, IF(AV$3=AX$3, $B$3, IF(AV$3>AX$3, $B$2, $B$4)), IF(AU12=AW$3, IF(AX$3=AV$3, $B$3, IF(AX$3>AV$3, $B$2, $B$4)), IF(AU12=AU$4, IF(AV$4=AX$4, $B$3, IF(AV$4>AX$4, $B$2, $B$4)), IF(AU12=AW$4, IF(AX$4=AV$4, $B$3, IF(AX$4>AV$4, $B$2, $B$4)), "")))))) -> 3 | AW12: 0 | AX12: =SUM(AV12,AW12) -> 3 | AY12: Pink | AZ12: =IF(AY12="Out", VALUE($D12), IF(OR(BB$3="", BB$4=""),"", IF(AY12=AY$3, IF(AZ$3=BB$3, $B$3, IF(AZ$3>BB$3, $B$2, $B$4)), IF(AY12=BA$3, IF(BB$3=AZ$3, $B$3, IF(BB$3>AZ$3, $B$2, $B$4)), IF(AY12=AY$4, IF(AZ$4=BB$4, $B$3, IF(AZ$4>BB$4, $B$2, $B$4)), IF(AY12=BA$4, IF(BB$4=AZ$4, $B$3, IF(BB$4>AZ$4, $B$2, $B$4)), "")))))) -> 1 | BA12: 2 | BB12: =SUM(AZ12,BA12) -> 3 | BC12: Blue | BD12: =IF(BC12="Out", VALUE($D12), IF(OR(BF$3="", BF$4=""),"", IF(BC12=BC$3, IF(BD$3=BF$3, $B$3, IF(BD$3>BF$3, $B$2, $B$4)), IF(BC12=BE$3, IF(BF$3=BD$3, $B$3, IF(BF$3>BD$3, $B$2, $B$4)), IF(BC12=BC$4, IF(BD$4=BF$4, $B$3, IF(BD$4>BF$4, $B$2, $B$4)), IF(BC12=BE$4, IF(BF$4=BD$4, $B$3, IF(BF$4>BD$4, $B$2, $B$4)), "")))))) -> 0 | BE12: 1 | BF12: =SUM(BD12,BE12) -> 1 | BG12: Yellow | BH12: =IF(BG12="Out", VALUE($D12), IF(OR(BJ$3="", BJ$4=""),"", IF(BG12=BG$3, IF(BH$3=BJ$3, $B$3, IF(BH$3>BJ$3, $B$2, $B$4)), IF(BG12=BI$3, IF(BJ$3=BH$3, $B$3, IF(BJ$3>BH$3, $B$2, $B$4)), IF(BG12=BG$4, IF(BH$4=BJ$4, $B$3, IF(BH$4>BJ$4, $B$2, $B$4)), IF(BG12=BI$4, IF(BJ$4=BH$4, $B$3, IF(BJ$4>BH$4, $B$2, $B$4)), "")))))) -> 3 | BI12: 2 | BJ12: =SUM(BH12,BI12) -> 5 | BK12: Pink | BL12: =IF(BK12="Out", VALUE($D12), IF(OR(BN$3="", BN$4=""),"", IF(BK12=BK$3, IF(BL$3=BN$3, $B$3, IF(BL$3>BN$3, $B$2, $B$4)), IF(BK12=BM$3, IF(BN$3=BL$3, $B$3, IF(BN$3>BL$3, $B$2, $B$4)), IF(BK12=BK$4, IF(BL$4=BN$4, $B$3, IF(BL$4>BN$4, $B$2, $B$4)), IF(BK12=BM$4, IF(BN$4=BL$4, $B$3, IF(BN$4>BL$4, $B$2, $B$4)), "")))))) -> 3 | BM12: 3 | BN12: =SUM(BL12,BM12) -> 6 | BO12: =SUM(AX12,BB12,BF12,BJ12,BN12) -> 18 | BP12: Pink | BQ12: =IF(BP12="Out", VALUE($D12), IF(OR(BS$3="", BS$4=""),"", IF(BP12=BP$3, IF(BQ$3=BS$3, $B$3, IF(BQ$3>BS$3, $B$2, $B$4)), IF(BP12=BR$3, IF(BS$3=BQ$3, $B$3, IF(BS$3>BQ$3, $B$2, $B$4)), IF(BP12=BP$4, IF(BQ$4=BS$4, $B$3, IF(BQ$4>BS$4, $B$2, $B$4)), IF(BP12=BR$4, IF(BS$4=BQ$4, $B$3, IF(BS$4>BQ$4, $B$2, $B$4)), "")))))) -> 0 | BR12: 2 | BS12: =SUM(BQ12,BR12) -> 2 | BT12: Yellow | BU12: =IF(BT12="Out", VALUE($D12), IF(OR(BW$3="", BW$4=""),"", IF(BT12=BT$3, IF(BU$3=BW$3, $B$3, IF(BU$3>BW$3, $B$2, $B$4)), IF(BT12=BV$3, IF(BW$3=BU$3, $B$3, IF(BW$3>BU$3, $B$2, $B$4)), IF(BT12=BT$4, IF(BU$4=BW$4, $B$3, IF(BU$4>BW$4, $B$2, $B$4)), IF(BT12=BV$4, IF(BW$4=BU$4, $B$3, IF(BW$4>BU$4, $B$2, $B$4)), "")))))) -> 3 | BV12: 2 | BW12: =SUM(BU12,BV12) -> 5 | BX12: Blue | BY12: =IF(BX12="Out", VALUE($D12), IF(OR(CA$3="", CA$4=""),"", IF(BX12=BX$3, IF(BY$3=CA$3, $B$3, IF(BY$3>CA$3, $B$2, $B$4)), IF(BX12=BZ$3, IF(CA$3=BY$3, $B$3, IF(CA$3>BY$3, $B$2, $B$4)), IF(BX12=BX$4, IF(BY$4=CA$4, $B$3, IF(BY$4>CA$4, $B$2, $B$4)), IF(BX12=BZ$4, IF(CA$4=BY$4, $B$3, IF(CA$4>BY$4, $B$2, $B$4)), "")))))) -> 3 | BZ12: 2 | CA12: =SUM(BY12,BZ12) -> 5 | CB12: Jerseys | CC12: =IF(CB12="Out", VALUE($D12), IF(OR(CE$3="", CE$4=""),"", IF(CB12=CB$3, IF(CC$3=CE$3, $B$3, IF(CC$3>CE$3, $B$2, $B$4)), IF(CB12=CD$3, IF(CE$3=CC$3, $B$3, IF(CE$3>CC$3, $B$2, $B$4)), IF(CB12=CB$4, IF(CC$4=CE$4, $B$3, IF(CC$4>CE$4, $B$2, $B$4)), IF(CB12=CD$4, IF(CE$4=CC$4, $B$3, IF(CE$4>CC$4, $B$2, $B$4)), "")))))) -> 3 | CD12: 3 | CE12: =SUM(CC12,CD12) -> 6 | CF12: Jerseys | CG12: =IF(CF12="Out", VALUE($D12), IF(OR(CI$3="", CI$4=""),"", IF(CF12=CF$3, IF(CG$3=CI$3, $B$3, IF(CG$3>CI$3, $B$2, $B$4)), IF(CF12=CH$3, IF(CI$3=CG$3, $B$3, IF(CI$3>CG$3, $B$2, $B$4)), IF(CF12=CF$4, IF(CG$4=CI$4, $B$3, IF(CG$4>CI$4, $B$2, $B$4)), IF(CF12=CH$4, IF(CI$4=CG$4, $B$3, IF(CI$4>CG$4, $B$2, $B$4)), "")))))) -> 3 | CH12: 0 | CI12: =SUM(CG12,CH12) -> 3 | CJ12: =SUM(BS12,BW12,CA12,CE12,CI12) -> 21 | CK12: Jerseys | CL12: =IF(CK12="Out", VALUE($D12), IF(OR(CN$3="", CN$4=""),"", IF(CK12=CK$3, IF(CL$3=CN$3, $B$3, IF(CL$3>CN$3, $B$2, $B$4)), IF(CK12=CM$3, IF(CN$3=CL$3, $B$3, IF(CN$3>CL$3, $B$2, $B$4)), IF(CK12=CK$4, IF(CL$4=CN$4, $B$3, IF(CL$4>CN$4, $B$2, $B$4)), IF(CK12=CM$4, IF(CN$4=CL$4, $B$3, IF(CN$4>CL$4, $B$2, $B$4)), "")))))) -> 3 | CM12: 2 | CN12: =SUM(CL12,CM12) -> 5 | CO12: Jerseys | CP12: =IF(CO12="Out", VALUE($D12), IF(OR(CR$3="", CR$4=""),"", IF(CO12=CO$3, IF(CP$3=CR$3, $B$3, IF(CP$3>CR$3, $B$2, $B$4)), IF(CO12=CQ$3, IF(CR$3=CP$3, $B$3, IF(CR$3>CP$3, $B$2, $B$4)), IF(CO12=CO$4, IF(CP$4=CR$4, $B$3, IF(CP$4>CR$4, $B$2, $B$4)), IF(CO12=CQ$4, IF(CR$4=CP$4, $B$3, IF(CR$4>CP$4, $B$2, $B$4)), "")))))) -> 3 | CQ12: 1 | CR12: =SUM(CP12,CQ12) -> 4 | CS12: Blue | CT12: =IF(CS12="Out", VALUE($D12), IF(OR(CV$3="", CV$4=""),"", IF(CS12=CS$3, IF(CT$3=CV$3, $B$3, IF(CT$3>CV$3, $B$2, $B$4)), IF(CS12=CU$3, IF(CV$3=CT$3, $B$3, IF(CV$3>CT$3, $B$2, $B$4)), IF(CS12=CS$4, IF(CT$4=CV$4, $B$3, IF(CT$4>CV$4, $B$2, $B$4)), IF(CS12=CU$4, IF(CV$4=CT$4, $B$3, IF(CV$4>CT$4, $B$2, $B$4)), "")))))) -> 1 | CU12: 1 | CV12: =SUM(CT12,CU12) -> 2 | CW12: Pink | CX12: =IF(CW12="Out", VALUE($D12), IF(OR(CZ$3="", CZ$4=""),"", IF(CW12=CW$3, IF(CX$3=CZ$3, $B$3, IF(CX$3>CZ$3, $B$2, $B$4)), IF(CW12=CY$3, IF(CZ$3=CX$3, $B$3, IF(CZ$3>CX$3, $B$2, $B$4)), IF(CW12=CW$4, IF(CX$4=CZ$4, $B$3, IF(CX$4>CZ$4, $B$2, $B$4)), IF(CW12=CY$4, IF(CZ$4=CX$4, $B$3, IF(CZ$4>CX$4, $B$2, $B$4)), "")))))) -> 3 | CY12: 2 | CZ12: =SUM(CX12,CY12) -> 5 | DA12: Pink | DB12: =IF(DA12="Out", VALUE($D12), IF(OR(DD$3="", DD$4=""),"", IF(DA12=DA$3, IF(DB$3=DD$3, $B$3, IF(DB$3>DD$3, $B$2, $B$4)), IF(DA12=DC$3, IF(DD$3=DB$3, $B$3, IF(DD$3>DB$3, $B$2, $B$4)), IF(DA12=DA$4, IF(DB$4=DD$4, $B$3, IF(DB$4>DD$4, $B$2, $B$4)), IF(DA12=DC$4, IF(DD$4=DB$4, $B$3, IF(DD$4>DB$4, $B$2, $B$4)), "")))))) -> 3 | DC12: 2 | DD12: =SUM(DB12,DC12) -> 5 | DE12: =SUM(CN12,CR12,CV12,CZ12,DD12) -> 21 | DF12: Yellow | DG12: =IF(DF12="Out", VALUE($D12), IF(OR(DI$3="", DI$4=""),"", IF(DF12=DF$3, IF(DG$3=DI$3, $B$3, IF(DG$3>DI$3, $B$2, $B$4)), IF(DF12=DH$3, IF(DI$3=DG$3, $B$3, IF(DI$3>DG$3, $B$2, $B$4)), IF(DF12=DF$4, IF(DG$4=DI$4, $B$3, IF(DG$4>DI$4, $B$2, $B$4)), IF(DF12=DH$4, IF(DI$4=DG$4, $B$3, IF(DI$4>DG$4, $B$2, $B$4)), "")))))) -> 0 | DH12: 1 | DI12: =SUM(DG12,DH12) -> 1 | DJ12: Yellow | DK12: =IF(DJ12="Out", VALUE($D12), IF(OR(DM$3="", DM$4=""),"", IF(DJ12=DJ$3, IF(DK$3=DM$3, $B$3, IF(DK$3>DM$3, $B$2, $B$4)), IF(DJ12=DL$3, IF(DM$3=DK$3, $B$3, IF(DM$3>DK$3, $B$2, $B$4)), IF(DJ12=DJ$4, IF(DK$4=DM$4, $B$3, IF(DK$4>DM$4, $B$2, $B$4)), IF(DJ12=DL$4, IF(DM$4=DK$4, $B$3, IF(DM$4>DK$4, $B$2, $B$4)), "")))))) -> 0 | DL12: 0 | DM12: =SUM(DK12,DL12) -> 0 | DN12: Jerseys | DO12: =IF(DN12="Out", VALUE($D12), IF(OR(DQ$3="", DQ$4=""),"", IF(DN12=DN$3, IF(DO$3=DQ$3, $B$3, IF(DO$3>DQ$3, $B$2, $B$4)), IF(DN12=DP$3, IF(DQ$3=DO$3, $B$3, IF(DQ$3>DO$3, $B$2, $B$4)), IF(DN12=DN$4, IF(DO$4=DQ$4, $B$3, IF(DO$4>DQ$4, $B$2, $B$4)), IF(DN12=DP$4, IF(DQ$4=DO$4, $B$3, IF(DQ$4>DO$4, $B$2, $B$4)), "")))))) -> 0 | DP12: 1 | DQ12: =SUM(DO12,DP12) -> 1 | DR12: Pink | DS12: =IF(DR12="Out", VALUE($D12), IF(OR(DU$3="", DU$4=""),"", IF(DR12=DR$3, IF(DS$3=DU$3, $B$3, IF(DS$3>DU$3, $B$2, $B$4)), IF(DR12=DT$3, IF(DU$3=DS$3, $B$3, IF(DU$3>DS$3, $B$2, $B$4)), IF(DR12=DR$4, IF(DS$4=DU$4, $B$3, IF(DS$4>DU$4, $B$2, $B$4)), IF(DR12=DT$4, IF(DU$4=DS$4, $B$3, IF(DU$4>DS$4, $B$2, $B$4)), "")))))) -> 3 | DT12: 0 | DU12: =SUM(DS12,DT12) -> 3 | DV12: Pink | DW12: =IF(DV12="Out", VALUE($D12), IF(OR(DY$3="", DY$4=""),"", IF(DV12=DV$3, IF(DW$3=DY$3, $B$3, IF(DW$3>DY$3, $B$2, $B$4)), IF(DV12=DX$3, IF(DY$3=DW$3, $B$3, IF(DY$3>DW$3, $B$2, $B$4)), IF(DV12=DV$4, IF(DW$4=DY$4, $B$3, IF(DW$4>DY$4, $B$2, $B$4)), IF(DV12=DX$4, IF(DY$4=DW$4, $B$3, IF(DY$4>DW$4, $B$2, $B$4)), "")))))) -> 0 | DX12: 0 | DY12: =SUM(DW12,DX12) -> 0 | DZ12: =SUM(DI12,DM12,DQ12,DU12,DY12) -> 5 | EA12: Out | EB12: =IF(EA12="Out", VALUE($D12), IF(OR(ED$3="", ED$4=""),"", IF(EA12=EA$3, IF(EB$3=ED$3, $B$3, IF(EB$3>ED$3, $B$2, $B$4)), IF(EA12=EC$3, IF(ED$3=EB$3, $B$3, IF(ED$3>EB$3, $B$2, $B$4)), IF(EA12=EA$4, IF(EB$4=ED$4, $B$3, IF(EB$4>ED$4, $B$2, $B$4)), IF(EA12=EC$4, IF(ED$4=EB$4, $B$3, IF(ED$4>EB$4, $B$2, $B$4)), "")))))) -> 1.7 | EC12: =IF(EA12="Out", $C12) -> 1.0967742 | ED12: =SUM(EB12,EC12) -> 2.7967742 | EE12: Out | EF12: =IF(EE12="Out", VALUE($D12), IF(OR(EH$3="", EH$4=""),"", IF(EE12=EE$3, IF(EF$3=EH$3, $B$3, IF(EF$3>EH$3, $B$2, $B$4)), IF(EE12=EG$3, IF(EH$3=EF$3, $B$3, IF(EH$3>EF$3, $B$2, $B$4)), IF(EE12=EE$4, IF(EF$4=EH$4, $B$3, IF(EF$4>EH$4, $B$2, $B$4)), IF(EE12=EG$4, IF(EH$4=EF$4, $B$3, IF(EH$4>EF$4, $B$2, $B$4)), "")))))) -> 1.7 | EG12: =IF(EE12="Out", $C12) -> 1.0967742 | EH12: =SUM(EF12,EG12) -> 2.7967742 | EI12: Out | EJ12: =IF(EI12="Out", VALUE($D12), IF(OR(EL$3="", EL$4=""),"", IF(EI12=EI$3, IF(EJ$3=EL$3, $B$3, IF(EJ$3>EL$3, $B$2, $B$4)), IF(EI12=EK$3, IF(EL$3=EJ$3, $B$3, IF(EL$3>EJ$3, $B$2, $B$4)), IF(EI12=EI$4, IF(EJ$4=EL$4, $B$3, IF(EJ$4>EL$4, $B$2, $B$4)), IF(EI12=EK$4, IF(EL$4=EJ$4, $B$3, IF(EL$4>EJ$4, $B$2, $B$4)), "")))))) -> 1.7 | EK12: =IF(EI12="Out", $C12) -> 1.0967742 | EL12: =SUM(EJ12,EK12) -> 2.7967742 | EM12: Out | EN12: =IF(EM12="Out", VALUE($D12), IF(OR(EP$3="", EP$4=""),"", IF(EM12=EM$3, IF(EN$3=EP$3, $B$3, IF(EN$3>EP$3, $B$2, $B$4)), IF(EM12=EO$3, IF(EP$3=EN$3, $B$3, IF(EP$3>EN$3, $B$2, $B$4)), IF(EM12=EM$4, IF(EN$4=EP$4, $B$3, IF(EN$4>EP$4, $B$2, $B$4)), IF(EM12=EO$4, IF(EP$4=EN$4, $B$3, IF(EP$4>EN$4, $B$2, $B$4)), "")))))) -> 1.7 | EO12: =IF(EM12="Out", $C12) -> 1.0967742 | EP12: =SUM(EN12,EO12) -> 2.7967742 | EQ12: Out | ER12: =IF(EQ12="Out", VALUE($D12), IF(OR(ET$3="", ET$4=""),"", IF(EQ12=EQ$3, IF(ER$3=ET$3, $B$3, IF(ER$3>ET$3, $B$2, $B$4)), IF(EQ12=ES$3, IF(ET$3=ER$3, $B$3, IF(ET$3>ER$3, $B$2, $B$4)), IF(EQ12=EQ$4, IF(ER$4=ET$4, $B$3, IF(ER$4>ET$4, $B$2, $B$4)), IF(EQ12=ES$4, IF(ET$4=ER$4, $B$3, IF(ET$4>ER$4, $B$2, $B$4)), "")))))) -> 1.7 | ES12: =IF(EQ12="Out", $C12) -> 1.0967742 | ET12: =SUM(ER12,ES12) -> 2.7967742 | EU12: =SUM(ED12,EH12,EL12,EP12,ET12) -> 13.983871 | EV12: Out | EW12: =IF(EV12="Out", VALUE($D12), IF(OR(EY$3="", EY$4=""),"", IF(EV12=EV$3, IF(EW$3=EY$3, $B$3, IF(EW$3>EY$3, $B$2, $B$4)), IF(EV12=EX$3, IF(EY$3=EW$3, $B$3, IF(EY$3>EW$3, $B$2, $B$4)), IF(EV12=EV$4, IF(EW$4=EY$4, $B$3, IF(EW$4>EY$4, $B$2, $B$4)), IF(EV12=EX$4, IF(EY$4=EW$4, $B$3, IF(EY$4>EW$4, $B$2, $B$4)), "")))))) -> 1.7 | EX12: =IF(EV12="Out", $C12) -> 1.0967742 | EY12: =SUM(EW12,EX12) -> 2.7967742 | EZ12: Out | FA12: =IF(EZ12="Out", VALUE($D12), IF(OR(FC$3="", FC$4=""),"", IF(EZ12=EZ$3, IF(FA$3=FC$3, $B$3, IF(FA$3>FC$3, $B$2, $B$4)), IF(EZ12=FB$3, IF(FC$3=FA$3, $B$3, IF(FC$3>FA$3, $B$2, $B$4)), IF(EZ12=EZ$4, IF(FA$4=FC$4, $B$3, IF(FA$4>FC$4, $B$2, $B$4)), IF(EZ12=FB$4, IF(FC$4=FA$4, $B$3, IF(FC$4>FA$4, $B$2, $B$4)), "")))))) -> 1.7 | FB12: =IF(EZ12="Out", $C12) -> 1.0967742 | FC12: =SUM(FA12,FB12) -> 2.7967742 | FD12: Out | FE12: =IF(FD12="Out", VALUE($D12), IF(OR(FG$3="", FG$4=""),"", IF(FD12=FD$3, IF(FE$3=FG$3, $B$3, IF(FE$3>FG$3, $B$2, $B$4)), IF(FD12=FF$3, IF(FG$3=FE$3, $B$3, IF(FG$3>FE$3, $B$2, $B$4)), IF(FD12=FD$4, IF(FE$4=FG$4, $B$3, IF(FE$4>FG$4, $B$2, $B$4)), IF(FD12=FF$4, IF(FG$4=FE$4, $B$3, IF(FG$4>FE$4, $B$2, $B$4)), "")))))) -> 1.7 | FF12: =IF(FD12="Out", $C12) -> 1.0967742 | FG12: =SUM(FE12,FF12) -> 2.7967742 | FH12: Out | FI12: =IF(FH12="Out", VALUE($D12), IF(OR(FK$3="", FK$4=""),"", IF(FH12=FH$3, IF(FI$3=FK$3, $B$3, IF(FI$3>FK$3, $B$2, $B$4)), IF(FH12=FJ$3, IF(FK$3=FI$3, $B$3, IF(FK$3>FI$3, $B$2, $B$4)), IF(FH12=FH$4, IF(FI$4=FK$4, $B$3, IF(FI$4>FK$4, $B$2, $B$4)), IF(FH12=FJ$4, IF(FK$4=FI$4, $B$3, IF(FK$4>FI$4, $B$2, $B$4)), "")))))) -> 1.7 | FJ12: 0 | FK12: =SUM(FI12,FJ12) -> 1.7 | FL12: =SUM(EU12,EY12,FC12,FG12,FK12) -> 24.074194
A13: Closson | B13: Marisa | C13: =AVERAGEIF($7:$7,"Goals",13:13) -> 0.43589744 | D13: =VALUE(AVERAGEIF($E$7:$ZZ$7,"Team Pts",$E13:$ZZ13)) -> 1.4102564 | E13: Blue | F13: =IF(OR(H$3="", H$4=""),"", IF(E13=E$3, IF(F$3=H$3, B$3, IF(F$3>H$3, B$2, B$4)), IF(E13=G$3, IF(H$3=F$3, B$3, IF(H$3>F$3, B$2, B$4)), IF(E13=E$4, IF(F$4=H$4, B$3, IF(F$4>H$4, B$2, B$4)), IF(E13=G$4, IF(H$4=F$4, B$3, IF(H$4>F$4, B$2, B$4)), ""))))) -> 3 | G13: 1 | H13: =SUM(F13,G13) -> 4 | I13: Yellow | J13: =IF(OR(L$3="", L$4=""),"", IF(I13=I$3, IF(J$3=L$3, B$3, IF(J$3>L$3, B$2, B$4)), IF(I13=K$3, IF(L$3=J$3, B$3, IF(L$3>J$3, B$2, B$4)), IF(I13=I$4, IF(J$4=L$4, B$3, IF(J$4>L$4, B$2, B$4)), IF(I13=K$4, IF(L$4=J$4, B$3, IF(L$4>J$4, B$2, B$4)), ""))))) -> 3 | K13: 0 | L13: =SUM(J13,K13) -> 3 | M13: Blue | N13: =IF(OR(P$3="", P$4=""),"", IF(M13=M$3, IF(N$3=P$3, B$3, IF(N$3>P$3, B$2, B$4)), IF(M13=O$3, IF(P$3=N$3, B$3, IF(P$3>N$3, B$2, B$4)), IF(M13=M$4, IF(N$4=P$4, B$3, IF(N$4>P$4, B$2, B$4)), IF(M13=O$4, IF(P$4=N$4, B$3, IF(P$4>N$4, B$2, B$4)), ""))))) -> 3 | O13: 0 | P13: =SUM(N13,O13) -> 3 | Q13: Blue | R13: =IF(OR(T$3="", T$4=""),"", IF(Q13=Q$3, IF(R$3=T$3, B$3, IF(R$3>T$3, B$2, B$4)), IF(Q13=S$3, IF(T$3=R$3, B$3, IF(T$3>R$3, B$2, B$4)), IF(Q13=Q$4, IF(R$4=T$4, B$3, IF(R$4>T$4, B$2, B$4)), IF(Q13=S$4, IF(T$4=R$4, B$3, IF(T$4>R$4, B$2, B$4)), ""))))) -> 3 | S13: 2 | T13: =SUM(R13,S13) -> 5 | U13: Jerseys | V13: =IF(OR(X$3="", X$4=""),"", IF(U13=U$3, IF(V$3=X$3, B$3, IF(V$3>X$3, B$2, B$4)), IF(U13=W$3, IF(X$3=V$3, B$3, IF(X$3>V$3, B$2, B$4)), IF(U13=U$4, IF(V$4=X$4, B$3, IF(V$4>X$4, B$2, B$4)), IF(U13=W$4, IF(X$4=V$4, B$3, IF(X$4>V$4, B$2, B$4)), ""))))) -> 0 | W13: 0 | X13: =SUM(V13,W13) -> 0 | Y13: =SUM(H13,L13,P13,T13,X13) -> 15 | Z13: Blue | AA13: =IF(Z13="Out", VALUE($D13), IF(OR(AC$3="", AC$4=""),"", IF(Z13=Z$3, IF(AA$3=AC$3, $B$3, IF(AA$3>AC$3, $B$2, $B$4)), IF(Z13=AB$3, IF(AC$3=AA$3, $B$3, IF(AC$3>AA$3, $B$2, $B$4)), IF(Z13=Z$4, IF(AA$4=AC$4, $B$3, IF(AA$4>AC$4, $B$2, $B$4)), IF(Z13=AB$4, IF(AC$4=AA$4, $B$3, IF(AC$4>AA$4, $B$2, $B$4)), "")))))) -> 3 | AB13: 0 | AC13: =SUM(AA13,AB13) -> 3 | AD13: Yellow | AE13: =IF(AD13="Out", VALUE($D13), IF(OR(AG$3="", AG$4=""),"", IF(AD13=AD$3, IF(AE$3=AG$3, $B$3, IF(AE$3>AG$3, $B$2, $B$4)), IF(AD13=AF$3, IF(AG$3=AE$3, $B$3, IF(AG$3>AE$3, $B$2, $B$4)), IF(AD13=AD$4, IF(AE$4=AG$4, $B$3, IF(AE$4>AG$4, $B$2, $B$4)), IF(AD13=AF$4, IF(AG$4=AE$4, $B$3, IF(AG$4>AE$4, $B$2, $B$4)), "")))))) -> 0 | AF13: 2 | AG13: =SUM(AE13,AF13) -> 2 | AH13: Blue | AI13: =IF(OR(AK$3="", AK$4=""),"", IF(AH13=AH$3, IF(AI$3=AK$3, $B$3, IF(AI$3>AK$3, $B$2, $B$4)), IF(AH13=AJ$3, IF(AK$3=AI$3, $B$3, IF(AK$3>AI$3, $B$2, $B$4)), IF(AH13=AH$4, IF(AI$4=AK$4, $B$3, IF(AI$4>AK$4, $B$2, $B$4)), IF(AH13=AJ$4, IF(AK$4=AI$4, $B$3, IF(AK$4>AI$4, $B$2, $B$4)), ""))))) -> 1 | AJ13: 0 | AK13: =SUM(AI13,AJ13) -> 1 | AL13: Yellow | AM13: =IF(OR(AO$3="", AO$4=""),"", IF(AL13=AL$3, IF(AM$3=AO$3, $B$3, IF(AM$3>AO$3, $B$2, $B$4)), IF(AL13=AN$3, IF(AO$3=AM$3, $B$3, IF(AO$3>AM$3, $B$2, $B$4)), IF(AL13=AL$4, IF(AM$4=AO$4, $B$3, IF(AM$4>AO$4, $B$2, $B$4)), IF(AL13=AN$4, IF(AO$4=AM$4, $B$3, IF(AO$4>AM$4, $B$2, $B$4)), ""))))) -> 1 | AN13: 0 | AO13: =SUM(AM13,AN13) -> 1 | AP13: Jerseys | AQ13: =IF(OR(AS$3="", AS$4=""),"", IF(AP13=AP$3, IF(AQ$3=AS$3, $B$3, IF(AQ$3>AS$3, $B$2, $B$4)), IF(AP13=AR$3, IF(AS$3=AQ$3, $B$3, IF(AS$3>AQ$3, $B$2, $B$4)), IF(AP13=AP$4, IF(AQ$4=AS$4, $B$3, IF(AQ$4>AS$4, $B$2, $B$4)), IF(AP13=AR$4, IF(AS$4=AQ$4, $B$3, IF(AS$4>AQ$4, $B$2, $B$4)), ""))))) -> 0 | AR13: 0 | AS13: =SUM(AQ13,AR13) -> 0 | AT13: =SUM(AC13,AG13,AK13,AO13,AS13) -> 7 | AU13: Yellow | AV13: =IF(AU13="Out", VALUE($D13), IF(OR(AX$3="", AX$4=""),"", IF(AU13=AU$3, IF(AV$3=AX$3, $B$3, IF(AV$3>AX$3, $B$2, $B$4)), IF(AU13=AW$3, IF(AX$3=AV$3, $B$3, IF(AX$3>AV$3, $B$2, $B$4)), IF(AU13=AU$4, IF(AV$4=AX$4, $B$3, IF(AV$4>AX$4, $B$2, $B$4)), IF(AU13=AW$4, IF(AX$4=AV$4, $B$3, IF(AX$4>AV$4, $B$2, $B$4)), "")))))) -> 3 | AW13: 2 | AX13: =SUM(AV13,AW13) -> 5 | AY13: Jerseys | AZ13: =IF(AY13="Out", VALUE($D13), IF(OR(BB$3="", BB$4=""),"", IF(AY13=AY$3, IF(AZ$3=BB$3, $B$3, IF(AZ$3>BB$3, $B$2, $B$4)), IF(AY13=BA$3, IF(BB$3=AZ$3, $B$3, IF(BB$3>AZ$3, $B$2, $B$4)), IF(AY13=AY$4, IF(AZ$4=BB$4, $B$3, IF(AZ$4>BB$4, $B$2, $B$4)), IF(AY13=BA$4, IF(BB$4=AZ$4, $B$3, IF(BB$4>AZ$4, $B$2, $B$4)), "")))))) -> 0 | BA13: 0 | BB13: =SUM(AZ13,BA13) -> 0 | BC13: Jerseys | BD13: =IF(BC13="Out", VALUE($D13), IF(OR(BF$3="", BF$4=""),"", IF(BC13=BC$3, IF(BD$3=BF$3, $B$3, IF(BD$3>BF$3, $B$2, $B$4)), IF(BC13=BE$3, IF(BF$3=BD$3, $B$3, IF(BF$3>BD$3, $B$2, $B$4)), IF(BC13=BC$4, IF(BD$4=BF$4, $B$3, IF(BD$4>BF$4, $B$2, $B$4)), IF(BC13=BE$4, IF(BF$4=BD$4, $B$3, IF(BF$4>BD$4, $B$2, $B$4)), "")))))) -> 1 | BE13: 0 | BF13: =SUM(BD13,BE13) -> 1 | BG13: Pink | BH13: =IF(BG13="Out", VALUE($D13), IF(OR(BJ$3="", BJ$4=""),"", IF(BG13=BG$3, IF(BH$3=BJ$3, $B$3, IF(BH$3>BJ$3, $B$2, $B$4)), IF(BG13=BI$3, IF(BJ$3=BH$3, $B$3, IF(BJ$3>BH$3, $B$2, $B$4)), IF(BG13=BG$4, IF(BH$4=BJ$4, $B$3, IF(BH$4>BJ$4, $B$2, $B$4)), IF(BG13=BI$4, IF(BJ$4=BH$4, $B$3, IF(BJ$4>BH$4, $B$2, $B$4)), "")))))) -> 3 | BI13: 0 | BJ13: =SUM(BH13,BI13) -> 3 | BK13: Blue | BL13: =IF(BK13="Out", VALUE($D13), IF(OR(BN$3="", BN$4=""),"", IF(BK13=BK$3, IF(BL$3=BN$3, $B$3, IF(BL$3>BN$3, $B$2, $B$4)), IF(BK13=BM$3, IF(BN$3=BL$3, $B$3, IF(BN$3>BL$3, $B$2, $B$4)), IF(BK13=BK$4, IF(BL$4=BN$4, $B$3, IF(BL$4>BN$4, $B$2, $B$4)), IF(BK13=BM$4, IF(BN$4=BL$4, $B$3, IF(BN$4>BL$4, $B$2, $B$4)), "")))))) -> 0 | BM13: 1 | BN13: =SUM(BL13,BM13) -> 1 | BO13: =SUM(AX13,BB13,BF13,BJ13,BN13) -> 10 | BP13: Jerseys | BQ13: =IF(BP13="Out", VALUE($D13), IF(OR(BS$3="", BS$4=""),"", IF(BP13=BP$3, IF(BQ$3=BS$3, $B$3, IF(BQ$3>BS$3, $B$2, $B$4)), IF(BP13=BR$3, IF(BS$3=BQ$3, $B$3, IF(BS$3>BQ$3, $B$2, $B$4)), IF(BP13=BP$4, IF(BQ$4=BS$4, $B$3, IF(BQ$4>BS$4, $B$2, $B$4)), IF(BP13=BR$4, IF(BS$4=BQ$4, $B$3, IF(BS$4>BQ$4, $B$2, $B$4)), "")))))) -> 0 | BR13: 0 | BS13: =SUM(BQ13,BR13) -> 0 | BT13: Jerseys | BU13: =IF(BT13="Out", VALUE($D13), IF(OR(BW$3="", BW$4=""),"", IF(BT13=BT$3, IF(BU$3=BW$3, $B$3, IF(BU$3>BW$3, $B$2, $B$4)), IF(BT13=BV$3, IF(BW$3=BU$3, $B$3, IF(BW$3>BU$3, $B$2, $B$4)), IF(BT13=BT$4, IF(BU$4=BW$4, $B$3, IF(BU$4>BW$4, $B$2, $B$4)), IF(BT13=BV$4, IF(BW$4=BU$4, $B$3, IF(BW$4>BU$4, $B$2, $B$4)), "")))))) -> 0 | BV13: 0 | BW13: =SUM(BU13,BV13) -> 0 | BX13: Yellow | BY13: =IF(BX13="Out", VALUE($D13), IF(OR(CA$3="", CA$4=""),"", IF(BX13=BX$3, IF(BY$3=CA$3, $B$3, IF(BY$3>CA$3, $B$2, $B$4)), IF(BX13=BZ$3, IF(CA$3=BY$3, $B$3, IF(CA$3>BY$3, $B$2, $B$4)), IF(BX13=BX$4, IF(BY$4=CA$4, $B$3, IF(BY$4>CA$4, $B$2, $B$4)), IF(BX13=BZ$4, IF(CA$4=BY$4, $B$3, IF(CA$4>BY$4, $B$2, $B$4)), "")))))) -> 0 | BZ13: 1 | CA13: =SUM(BY13,BZ13) -> 1 | CB13: Blue | CC13: =IF(CB13="Out", VALUE($D13), IF(OR(CE$3="", CE$4=""),"", IF(CB13=CB$3, IF(CC$3=CE$3, $B$3, IF(CC$3>CE$3, $B$2, $B$4)), IF(CB13=CD$3, IF(CE$3=CC$3, $B$3, IF(CE$3>CC$3, $B$2, $B$4)), IF(CB13=CB$4, IF(CC$4=CE$4, $B$3, IF(CC$4>CE$4, $B$2, $B$4)), IF(CB13=CD$4, IF(CE$4=CC$4, $B$3, IF(CE$4>CC$4, $B$2, $B$4)), "")))))) -> 0 | CD13: 0 | CE13: =SUM(CC13,CD13) -> 0 | CF13: Pink | CG13: =IF(CF13="Out", VALUE($D13), IF(OR(CI$3="", CI$4=""),"", IF(CF13=CF$3, IF(CG$3=CI$3, $B$3, IF(CG$3>CI$3, $B$2, $B$4)), IF(CF13=CH$3, IF(CI$3=CG$3, $B$3, IF(CI$3>CG$3, $B$2, $B$4)), IF(CF13=CF$4, IF(CG$4=CI$4, $B$3, IF(CG$4>CI$4, $B$2, $B$4)), IF(CF13=CH$4, IF(CI$4=CG$4, $B$3, IF(CI$4>CG$4, $B$2, $B$4)), "")))))) -> 3 | CH13: 0 | CI13: =SUM(CG13,CH13) -> 3 | CJ13: =SUM(BS13,BW13,CA13,CE13,CI13) -> 4 | CK13: Blue | CL13: =IF(CK13="Out", VALUE($D13), IF(OR(CN$3="", CN$4=""),"", IF(CK13=CK$3, IF(CL$3=CN$3, $B$3, IF(CL$3>CN$3, $B$2, $B$4)), IF(CK13=CM$3, IF(CN$3=CL$3, $B$3, IF(CN$3>CL$3, $B$2, $B$4)), IF(CK13=CK$4, IF(CL$4=CN$4, $B$3, IF(CL$4>CN$4, $B$2, $B$4)), IF(CK13=CM$4, IF(CN$4=CL$4, $B$3, IF(CN$4>CL$4, $B$2, $B$4)), "")))))) -> 3 | CM13: 1 | CN13: =SUM(CL13,CM13) -> 4 | CO13: Yellow | CP13: =IF(CO13="Out", VALUE($D13), IF(OR(CR$3="", CR$4=""),"", IF(CO13=CO$3, IF(CP$3=CR$3, $B$3, IF(CP$3>CR$3, $B$2, $B$4)), IF(CO13=CQ$3, IF(CR$3=CP$3, $B$3, IF(CR$3>CP$3, $B$2, $B$4)), IF(CO13=CO$4, IF(CP$4=CR$4, $B$3, IF(CP$4>CR$4, $B$2, $B$4)), IF(CO13=CQ$4, IF(CR$4=CP$4, $B$3, IF(CR$4>CP$4, $B$2, $B$4)), "")))))) -> 0 | CQ13: 0 | CR13: =SUM(CP13,CQ13) -> 0 | CS13: Jerseys | CT13: =IF(CS13="Out", VALUE($D13), IF(OR(CV$3="", CV$4=""),"", IF(CS13=CS$3, IF(CT$3=CV$3, $B$3, IF(CT$3>CV$3, $B$2, $B$4)), IF(CS13=CU$3, IF(CV$3=CT$3, $B$3, IF(CV$3>CT$3, $B$2, $B$4)), IF(CS13=CS$4, IF(CT$4=CV$4, $B$3, IF(CT$4>CV$4, $B$2, $B$4)), IF(CS13=CU$4, IF(CV$4=CT$4, $B$3, IF(CV$4>CT$4, $B$2, $B$4)), "")))))) -> 3 | CU13: 1 | CV13: =SUM(CT13,CU13) -> 4 | CW13: Yellow | CX13: =IF(CW13="Out", VALUE($D13), IF(OR(CZ$3="", CZ$4=""),"", IF(CW13=CW$3, IF(CX$3=CZ$3, $B$3, IF(CX$3>CZ$3, $B$2, $B$4)), IF(CW13=CY$3, IF(CZ$3=CX$3, $B$3, IF(CZ$3>CX$3, $B$2, $B$4)), IF(CW13=CW$4, IF(CX$4=CZ$4, $B$3, IF(CX$4>CZ$4, $B$2, $B$4)), IF(CW13=CY$4, IF(CZ$4=CX$4, $B$3, IF(CZ$4>CX$4, $B$2, $B$4)), "")))))) -> 3 | CY13: 1 | CZ13: =SUM(CX13,CY13) -> 4 | DA13: Jerseys | DB13: =IF(DA13="Out", VALUE($D13), IF(OR(DD$3="", DD$4=""),"", IF(DA13=DA$3, IF(DB$3=DD$3, $B$3, IF(DB$3>DD$3, $B$2, $B$4)), IF(DA13=DC$3, IF(DD$3=DB$3, $B$3, IF(DD$3>DB$3, $B$2, $B$4)), IF(DA13=DA$4, IF(DB$4=DD$4, $B$3, IF(DB$4>DD$4, $B$2, $B$4)), IF(DA13=DC$4, IF(DD$4=DB$4, $B$3, IF(DD$4>DB$4, $B$2, $B$4)), "")))))) -> 1 | DC13: 1 | DD13: =SUM(DB13,DC13) -> 2 | DE13: =SUM(CN13,CR13,CV13,CZ13,DD13) -> 14 | DF13: Pink | DG13: =IF(DF13="Out", VALUE($D13), IF(OR(DI$3="", DI$4=""),"", IF(DF13=DF$3, IF(DG$3=DI$3, $B$3, IF(DG$3>DI$3, $B$2, $B$4)), IF(DF13=DH$3, IF(DI$3=DG$3, $B$3, IF(DI$3>DG$3, $B$2, $B$4)), IF(DF13=DF$4, IF(DG$4=DI$4, $B$3, IF(DG$4>DI$4, $B$2, $B$4)), IF(DF13=DH$4, IF(DI$4=DG$4, $B$3, IF(DI$4>DG$4, $B$2, $B$4)), "")))))) -> 0 | DH13: 0 | DI13: =SUM(DG13,DH13) -> 0 | DJ13: Blue | DK13: =IF(DJ13="Out", VALUE($D13), IF(OR(DM$3="", DM$4=""),"", IF(DJ13=DJ$3, IF(DK$3=DM$3, $B$3, IF(DK$3>DM$3, $B$2, $B$4)), IF(DJ13=DL$3, IF(DM$3=DK$3, $B$3, IF(DM$3>DK$3, $B$2, $B$4)), IF(DJ13=DJ$4, IF(DK$4=DM$4, $B$3, IF(DK$4>DM$4, $B$2, $B$4)), IF(DJ13=DL$4, IF(DM$4=DK$4, $B$3, IF(DM$4>DK$4, $B$2, $B$4)), "")))))) -> 0 | DL13: 1 | DM13: =SUM(DK13,DL13) -> 1 | DN13: Yellow | DO13: =IF(DN13="Out", VALUE($D13), IF(OR(DQ$3="", DQ$4=""),"", IF(DN13=DN$3, IF(DO$3=DQ$3, $B$3, IF(DO$3>DQ$3, $B$2, $B$4)), IF(DN13=DP$3, IF(DQ$3=DO$3, $B$3, IF(DQ$3>DO$3, $B$2, $B$4)), IF(DN13=DN$4, IF(DO$4=DQ$4, $B$3, IF(DO$4>DQ$4, $B$2, $B$4)), IF(DN13=DP$4, IF(DQ$4=DO$4, $B$3, IF(DQ$4>DO$4, $B$2, $B$4)), "")))))) -> 3 | DP13: 0 | DQ13: =SUM(DO13,DP13) -> 3 | DR13: Yellow | DS13: =IF(DR13="Out", VALUE($D13), IF(OR(DU$3="", DU$4=""),"", IF(DR13=DR$3, IF(DS$3=DU$3, $B$3, IF(DS$3>DU$3, $B$2, $B$4)), IF(DR13=DT$3, IF(DU$3=DS$3, $B$3, IF(DU$3>DS$3, $B$2, $B$4)), IF(DR13=DR$4, IF(DS$4=DU$4, $B$3, IF(DS$4>DU$4, $B$2, $B$4)), IF(DR13=DT$4, IF(DU$4=DS$4, $B$3, IF(DU$4>DS$4, $B$2, $B$4)), "")))))) -> 0 | DT13: 0 | DU13: =SUM(DS13,DT13) -> 0 | DV13: Blue | DW13: =IF(DV13="Out", VALUE($D13), IF(OR(DY$3="", DY$4=""),"", IF(DV13=DV$3, IF(DW$3=DY$3, $B$3, IF(DW$3>DY$3, $B$2, $B$4)), IF(DV13=DX$3, IF(DY$3=DW$3, $B$3, IF(DY$3>DW$3, $B$2, $B$4)), IF(DV13=DV$4, IF(DW$4=DY$4, $B$3, IF(DW$4>DY$4, $B$2, $B$4)), IF(DV13=DX$4, IF(DY$4=DW$4, $B$3, IF(DY$4>DW$4, $B$2, $B$4)), "")))))) -> 3 | DX13: 0 | DY13: =SUM(DW13,DX13) -> 3 | DZ13: =SUM(DI13,DM13,DQ13,DU13,DY13) -> 7 | EA13: Yellow | EB13: =IF(EA13="Out", VALUE($D13), IF(OR(ED$3="", ED$4=""),"", IF(EA13=EA$3, IF(EB$3=ED$3, $B$3, IF(EB$3>ED$3, $B$2, $B$4)), IF(EA13=EC$3, IF(ED$3=EB$3, $B$3, IF(ED$3>EB$3, $B$2, $B$4)), IF(EA13=EA$4, IF(EB$4=ED$4, $B$3, IF(EB$4>ED$4, $B$2, $B$4)), IF(EA13=EC$4, IF(ED$4=EB$4, $B$3, IF(ED$4>EB$4, $B$2, $B$4)), "")))))) -> 1 | EC13: 0 | ED13: =SUM(EB13,EC13) -> 1 | EE13: Pink | EF13: =IF(EE13="Out", VALUE($D13), IF(OR(EH$3="", EH$4=""),"", IF(EE13=EE$3, IF(EF$3=EH$3, $B$3, IF(EF$3>EH$3, $B$2, $B$4)), IF(EE13=EG$3, IF(EH$3=EF$3, $B$3, IF(EH$3>EF$3, $B$2, $B$4)), IF(EE13=EE$4, IF(EF$4=EH$4, $B$3, IF(EF$4>EH$4, $B$2, $B$4)), IF(EE13=EG$4, IF(EH$4=EF$4, $B$3, IF(EH$4>EF$4, $B$2, $B$4)), "")))))) -> 3 | EG13: 1 | EH13: =SUM(EF13,EG13) -> 4 | EI13: Blue | EJ13: =IF(EI13="Out", VALUE($D13), IF(OR(EL$3="", EL$4=""),"", IF(EI13=EI$3, IF(EJ$3=EL$3, $B$3, IF(EJ$3>EL$3, $B$2, $B$4)), IF(EI13=EK$3, IF(EL$3=EJ$3, $B$3, IF(EL$3>EJ$3, $B$2, $B$4)), IF(EI13=EI$4, IF(EJ$4=EL$4, $B$3, IF(EJ$4>EL$4, $B$2, $B$4)), IF(EI13=EK$4, IF(EL$4=EJ$4, $B$3, IF(EL$4>EJ$4, $B$2, $B$4)), "")))))) -> 0 | EK13: 0 | EL13: =SUM(EJ13,EK13) -> 0 | EM13: Jerseys | EN13: =IF(EM13="Out", VALUE($D13), IF(OR(EP$3="", EP$4=""),"", IF(EM13=EM$3, IF(EN$3=EP$3, $B$3, IF(EN$3>EP$3, $B$2, $B$4)), IF(EM13=EO$3, IF(EP$3=EN$3, $B$3, IF(EP$3>EN$3, $B$2, $B$4)), IF(EM13=EM$4, IF(EN$4=EP$4, $B$3, IF(EN$4>EP$4, $B$2, $B$4)), IF(EM13=EO$4, IF(EP$4=EN$4, $B$3, IF(EP$4>EN$4, $B$2, $B$4)), "")))))) -> 1 | EO13: 0 | EP13: =SUM(EN13,EO13) -> 1 | EQ13: Jerseys | ER13: =IF(EQ13="Out", VALUE($D13), IF(OR(ET$3="", ET$4=""),"", IF(EQ13=EQ$3, IF(ER$3=ET$3, $B$3, IF(ER$3>ET$3, $B$2, $B$4)), IF(EQ13=ES$3, IF(ET$3=ER$3, $B$3, IF(ET$3>ER$3, $B$2, $B$4)), IF(EQ13=EQ$4, IF(ER$4=ET$4, $B$3, IF(ER$4>ET$4, $B$2, $B$4)), IF(EQ13=ES$4, IF(ET$4=ER$4, $B$3, IF(ET$4>ER$4, $B$2, $B$4)), "")))))) -> 3 | ES13: 2 | ET13: =SUM(ER13,ES13) -> 5 | EU13: =SUM(ED13,EH13,EL13,EP13,ET13) -> 11 | EV13: Pink | EW13: =IF(EV13="Out", VALUE($D13), IF(OR(EY$3="", EY$4=""),"", IF(EV13=EV$3, IF(EW$3=EY$3, $B$3, IF(EW$3>EY$3, $B$2, $B$4)), IF(EV13=EX$3, IF(EY$3=EW$3, $B$3, IF(EY$3>EW$3, $B$2, $B$4)), IF(EV13=EV$4, IF(EW$4=EY$4, $B$3, IF(EW$4>EY$4, $B$2, $B$4)), IF(EV13=EX$4, IF(EY$4=EW$4, $B$3, IF(EY$4>EW$4, $B$2, $B$4)), "")))))) -> 0 | EX13: 0 | EY13: =SUM(EW13,EX13) -> 0 | EZ13: Blue | FA13: =IF(EZ13="Out", VALUE($D13), IF(OR(FC$3="", FC$4=""),"", IF(EZ13=EZ$3, IF(FA$3=FC$3, $B$3, IF(FA$3>FC$3, $B$2, $B$4)), IF(EZ13=FB$3, IF(FC$3=FA$3, $B$3, IF(FC$3>FA$3, $B$2, $B$4)), IF(EZ13=EZ$4, IF(FA$4=FC$4, $B$3, IF(FA$4>FC$4, $B$2, $B$4)), IF(EZ13=FB$4, IF(FC$4=FA$4, $B$3, IF(FC$4>FA$4, $B$2, $B$4)), "")))))) -> 0 | FB13: 0 | FC13: =SUM(FA13,FB13) -> 0 | FD13: Jerseys | FE13: =IF(FD13="Out", VALUE($D13), IF(OR(FG$3="", FG$4=""),"", IF(FD13=FD$3, IF(FE$3=FG$3, $B$3, IF(FE$3>FG$3, $B$2, $B$4)), IF(FD13=FF$3, IF(FG$3=FE$3, $B$3, IF(FG$3>FE$3, $B$2, $B$4)), IF(FD13=FD$4, IF(FE$4=FG$4, $B$3, IF(FE$4>FG$4, $B$2, $B$4)), IF(FD13=FF$4, IF(FG$4=FE$4, $B$3, IF(FG$4>FE$4, $B$2, $B$4)), "")))))) -> 3 | FF13: 0 | FG13: =SUM(FE13,FF13) -> 3 | FH13: Yellow | FI13: =IF(FH13="Out", VALUE($D13), IF(OR(FK$3="", FK$4=""),"", IF(FH13=FH$3, IF(FI$3=FK$3, $B$3, IF(FI$3>FK$3, $B$2, $B$4)), IF(FH13=FJ$3, IF(FK$3=FI$3, $B$3, IF(FK$3>FI$3, $B$2, $B$4)), IF(FH13=FH$4, IF(FI$4=FK$4, $B$3, IF(FI$4>FK$4, $B$2, $B$4)), IF(FH13=FJ$4, IF(FK$4=FI$4, $B$3, IF(FK$4>FI$4, $B$2, $B$4)), "")))))) -> 1 | FJ13: 0 | FK13: =SUM(FI13,FJ13) -> 1 | FL13: =SUM(EU13,EY13,FC13,FG13,FK13) -> 15
A14: Contento | B14: Felicity | C14: =AVERAGEIF($7:$7,"Goals",14:14) -> 0.68965517 | D14: =VALUE(AVERAGEIF($E$7:$ZZ$7,"Team Pts",$E14:$ZZ14)) -> 1.0344828 | E14: Pink | F14: =IF(OR(H$3="", H$4=""),"", IF(E14=E$3, IF(F$3=H$3, B$3, IF(F$3>H$3, B$2, B$4)), IF(E14=G$3, IF(H$3=F$3, B$3, IF(H$3>F$3, B$2, B$4)), IF(E14=E$4, IF(F$4=H$4, B$3, IF(F$4>H$4, B$2, B$4)), IF(E14=G$4, IF(H$4=F$4, B$3, IF(H$4>F$4, B$2, B$4)), ""))))) -> 0 | G14: 0 | H14: =SUM(F14,G14) -> 0 | I14: Pink | J14: =IF(OR(L$3="", L$4=""),"", IF(I14=I$3, IF(J$3=L$3, B$3, IF(J$3>L$3, B$2, B$4)), IF(I14=K$3, IF(L$3=J$3, B$3, IF(L$3>J$3, B$2, B$4)), IF(I14=I$4, IF(J$4=L$4, B$3, IF(J$4>L$4, B$2, B$4)), IF(I14=K$4, IF(L$4=J$4, B$3, IF(L$4>J$4, B$2, B$4)), ""))))) -> 0 | K14: 0 | L14: =SUM(J14,K14) -> 0 | M14: Pink | N14: =IF(OR(P$3="", P$4=""),"", IF(M14=M$3, IF(N$3=P$3, B$3, IF(N$3>P$3, B$2, B$4)), IF(M14=O$3, IF(P$3=N$3, B$3, IF(P$3>N$3, B$2, B$4)), IF(M14=M$4, IF(N$4=P$4, B$3, IF(N$4>P$4, B$2, B$4)), IF(M14=O$4, IF(P$4=N$4, B$3, IF(P$4>N$4, B$2, B$4)), ""))))) -> 0 | O14: 0 | P14: =SUM(N14,O14) -> 0 | Q14: Pink | R14: =IF(OR(T$3="", T$4=""),"", IF(Q14=Q$3, IF(R$3=T$3, B$3, IF(R$3>T$3, B$2, B$4)), IF(Q14=S$3, IF(T$3=R$3, B$3, IF(T$3>R$3, B$2, B$4)), IF(Q14=Q$4, IF(R$4=T$4, B$3, IF(R$4>T$4, B$2, B$4)), IF(Q14=S$4, IF(T$4=R$4, B$3, IF(T$4>R$4, B$2, B$4)), ""))))) -> 0 | S14: 0 | T14: =SUM(R14,S14) -> 0 | U14: Yellow | V14: =IF(OR(X$3="", X$4=""),"", IF(U14=U$3, IF(V$3=X$3, B$3, IF(V$3>X$3, B$2, B$4)), IF(U14=W$3, IF(X$3=V$3, B$3, IF(X$3>V$3, B$2, B$4)), IF(U14=U$4, IF(V$4=X$4, B$3, IF(V$4>X$4, B$2, B$4)), IF(U14=W$4, IF(X$4=V$4, B$3, IF(X$4>V$4, B$2, B$4)), ""))))) -> 3 | W14: 1 | X14: =SUM(V14,W14) -> 4 | Y14: =SUM(H14,L14,P14,T14,X14) -> 4 | Z14: Yellow | AA14: =IF(Z14="Out", VALUE($D14), IF(OR(AC$3="", AC$4=""),"", IF(Z14=Z$3, IF(AA$3=AC$3, $B$3, IF(AA$3>AC$3, $B$2, $B$4)), IF(Z14=AB$3, IF(AC$3=AA$3, $B$3, IF(AC$3>AA$3, $B$2, $B$4)), IF(Z14=Z$4, IF(AA$4=AC$4, $B$3, IF(AA$4>AC$4, $B$2, $B$4)), IF(Z14=AB$4, IF(AC$4=AA$4, $B$3, IF(AC$4>AA$4, $B$2, $B$4)), "")))))) -> 0 | AB14: 1 | AC14: =SUM(AA14,AB14) -> 1 | AD14: Yellow | AE14: =IF(AD14="Out", VALUE($D14), IF(OR(AG$3="", AG$4=""),"", IF(AD14=AD$3, IF(AE$3=AG$3, $B$3, IF(AE$3>AG$3, $B$2, $B$4)), IF(AD14=AF$3, IF(AG$3=AE$3, $B$3, IF(AG$3>AE$3, $B$2, $B$4)), IF(AD14=AD$4, IF(AE$4=AG$4, $B$3, IF(AE$4>AG$4, $B$2, $B$4)), IF(AD14=AF$4, IF(AG$4=AE$4, $B$3, IF(AG$4>AE$4, $B$2, $B$4)), "")))))) -> 0 | AF14: 0 | AG14: =SUM(AE14,AF14) -> 0 | AH14: Jerseys | AI14: =IF(OR(AK$3="", AK$4=""),"", IF(AH14=AH$3, IF(AI$3=AK$3, $B$3, IF(AI$3>AK$3, $B$2, $B$4)), IF(AH14=AJ$3, IF(AK$3=AI$3, $B$3, IF(AK$3>AI$3, $B$2, $B$4)), IF(AH14=AH$4, IF(AI$4=AK$4, $B$3, IF(AI$4>AK$4, $B$2, $B$4)), IF(AH14=AJ$4, IF(AK$4=AI$4, $B$3, IF(AK$4>AI$4, $B$2, $B$4)), ""))))) -> 3 | AJ14: 0 | AK14: =SUM(AI14,AJ14) -> 3 | AL14: Blue | AM14: =IF(OR(AO$3="", AO$4=""),"", IF(AL14=AL$3, IF(AM$3=AO$3, $B$3, IF(AM$3>AO$3, $B$2, $B$4)), IF(AL14=AN$3, IF(AO$3=AM$3, $B$3, IF(AO$3>AM$3, $B$2, $B$4)), IF(AL14=AL$4, IF(AM$4=AO$4, $B$3, IF(AM$4>AO$4, $B$2, $B$4)), IF(AL14=AN$4, IF(AO$4=AM$4, $B$3, IF(AO$4>AM$4, $B$2, $B$4)), ""))))) -> 0 | AN14: 0 | AO14: =SUM(AM14,AN14) -> 0 | AP14: Pink | AQ14: =IF(OR(AS$3="", AS$4=""),"", IF(AP14=AP$3, IF(AQ$3=AS$3, $B$3, IF(AQ$3>AS$3, $B$2, $B$4)), IF(AP14=AR$3, IF(AS$3=AQ$3, $B$3, IF(AS$3>AQ$3, $B$2, $B$4)), IF(AP14=AP$4, IF(AQ$4=AS$4, $B$3, IF(AQ$4>AS$4, $B$2, $B$4)), IF(AP14=AR$4, IF(AS$4=AQ$4, $B$3, IF(AS$4>AQ$4, $B$2, $B$4)), ""))))) -> 0 | AR14: 0 | AS14: =SUM(AQ14,AR14) -> 0 | AT14: =SUM(AC14,AG14,AK14,AO14,AS14) -> 4 | AU14: Out | AV14: =IF(AU14="Out", VALUE($D14), IF(OR(AX$3="", AX$4=""),"", IF(AU14=AU$3, IF(AV$3=AX$3, $B$3, IF(AV$3>AX$3, $B$2, $B$4)), IF(AU14=AW$3, IF(AX$3=AV$3, $B$3, IF(AX$3>AV$3, $B$2, $B$4)), IF(AU14=AU$4, IF(AV$4=AX$4, $B$3, IF(AV$4>AX$4, $B$2, $B$4)), IF(AU14=AW$4, IF(AX$4=AV$4, $B$3, IF(AX$4>AV$4, $B$2, $B$4)), "")))))) -> 1.0344828 | AW14: =IF(AU14="Out", $C14) -> 0.68965517 | AX14: =SUM(AV14,AW14) -> 1.7241379 | AY14: Out | AZ14: =IF(AY14="Out", VALUE($D14), IF(OR(BB$3="", BB$4=""),"", IF(AY14=AY$3, IF(AZ$3=BB$3, $B$3, IF(AZ$3>BB$3, $B$2, $B$4)), IF(AY14=BA$3, IF(BB$3=AZ$3, $B$3, IF(BB$3>AZ$3, $B$2, $B$4)), IF(AY14=AY$4, IF(AZ$4=BB$4, $B$3, IF(AZ$4>BB$4, $B$2, $B$4)), IF(AY14=BA$4, IF(BB$4=AZ$4, $B$3, IF(BB$4>AZ$4, $B$2, $B$4)), "")))))) -> 1.0344828 | BA14: =IF(AY14="Out", $C14) -> 0.68965517 | BB14: =SUM(AZ14,BA14) -> 1.7241379 | BC14: Out | BD14: =IF(BC14="Out", VALUE($D14), IF(OR(BF$3="", BF$4=""),"", IF(BC14=BC$3, IF(BD$3=BF$3, $B$3, IF(BD$3>BF$3, $B$2, $B$4)), IF(BC14=BE$3, IF(BF$3=BD$3, $B$3, IF(BF$3>BD$3, $B$2, $B$4)), IF(BC14=BC$4, IF(BD$4=BF$4, $B$3, IF(BD$4>BF$4, $B$2, $B$4)), IF(BC14=BE$4, IF(BF$4=BD$4, $B$3, IF(BF$4>BD$4, $B$2, $B$4)), "")))))) -> 1.0344828 | BE14: =IF(BC14="Out", $C14) -> 0.68965517 | BF14: =SUM(BD14,BE14) -> 1.7241379 | BG14: Out | BH14: =IF(BG14="Out", VALUE($D14), IF(OR(BJ$3="", BJ$4=""),"", IF(BG14=BG$3, IF(BH$3=BJ$3, $B$3, IF(BH$3>BJ$3, $B$2, $B$4)), IF(BG14=BI$3, IF(BJ$3=BH$3, $B$3, IF(BJ$3>BH$3, $B$2, $B$4)), IF(BG14=BG$4, IF(BH$4=BJ$4, $B$3, IF(BH$4>BJ$4, $B$2, $B$4)), IF(BG14=BI$4, IF(BJ$4=BH$4, $B$3, IF(BJ$4>BH$4, $B$2, $B$4)), "")))))) -> 1.0344828 | BI14: =IF(BG14="Out", $C14) -> 0.68965517 | BJ14: =SUM(BH14,BI14) -> 1.7241379 | BK14: Out | BL14: =IF(BK14="Out", VALUE($D14), IF(OR(BN$3="", BN$4=""),"", IF(BK14=BK$3, IF(BL$3=BN$3, $B$3, IF(BL$3>BN$3, $B$2, $B$4)), IF(BK14=BM$3, IF(BN$3=BL$3, $B$3, IF(BN$3>BL$3, $B$2, $B$4)), IF(BK14=BK$4, IF(BL$4=BN$4, $B$3, IF(BL$4>BN$4, $B$2, $B$4)), IF(BK14=BM$4, IF(BN$4=BL$4, $B$3, IF(BN$4>BL$4, $B$2, $B$4)), "")))))) -> 1.0344828 | BM14: =IF(BK14="Out", $C14) -> 0.68965517 | BN14: =SUM(BL14,BM14) -> 1.7241379 | BO14: =SUM(AX14,BB14,BF14,BJ14,BN14) -> 8.6206897 | BP14: Yellow | BQ14: =IF(BP14="Out", VALUE($D14), IF(OR(BS$3="", BS$4=""),"", IF(BP14=BP$3, IF(BQ$3=BS$3, $B$3, IF(BQ$3>BS$3, $B$2, $B$4)), IF(BP14=BR$3, IF(BS$3=BQ$3, $B$3, IF(BS$3>BQ$3, $B$2, $B$4)), IF(BP14=BP$4, IF(BQ$4=BS$4, $B$3, IF(BQ$4>BS$4, $B$2, $B$4)), IF(BP14=BR$4, IF(BS$4=BQ$4, $B$3, IF(BS$4>BQ$4, $B$2, $B$4)), "")))))) -> 3 | BR14: 0 | BS14: =SUM(BQ14,BR14) -> 3 | BT14: Yellow | BU14: =IF(BT14="Out", VALUE($D14), IF(OR(BW$3="", BW$4=""),"", IF(BT14=BT$3, IF(BU$3=BW$3, $B$3, IF(BU$3>BW$3, $B$2, $B$4)), IF(BT14=BV$3, IF(BW$3=BU$3, $B$3, IF(BW$3>BU$3, $B$2, $B$4)), IF(BT14=BT$4, IF(BU$4=BW$4, $B$3, IF(BU$4>BW$4, $B$2, $B$4)), IF(BT14=BV$4, IF(BW$4=BU$4, $B$3, IF(BW$4>BU$4, $B$2, $B$4)), "")))))) -> 3 | BV14: 0 | BW14: =SUM(BU14,BV14) -> 3 | BX14: Yellow | BY14: =IF(BX14="Out", VALUE($D14), IF(OR(CA$3="", CA$4=""),"", IF(BX14=BX$3, IF(BY$3=CA$3, $B$3, IF(BY$3>CA$3, $B$2, $B$4)), IF(BX14=BZ$3, IF(CA$3=BY$3, $B$3, IF(CA$3>BY$3, $B$2, $B$4)), IF(BX14=BX$4, IF(BY$4=CA$4, $B$3, IF(BY$4>CA$4, $B$2, $B$4)), IF(BX14=BZ$4, IF(CA$4=BY$4, $B$3, IF(CA$4>BY$4, $B$2, $B$4)), "")))))) -> 0 | BZ14: 2 | CA14: =SUM(BY14,BZ14) -> 2 | CB14: Pink | CC14: =IF(CB14="Out", VALUE($D14), IF(OR(CE$3="", CE$4=""),"", IF(CB14=CB$3, IF(CC$3=CE$3, $B$3, IF(CC$3>CE$3, $B$2, $B$4)), IF(CB14=CD$3, IF(CE$3=CC$3, $B$3, IF(CE$3>CC$3, $B$2, $B$4)), IF(CB14=CB$4, IF(CC$4=CE$4, $B$3, IF(CC$4>CE$4, $B$2, $B$4)), IF(CB14=CD$4, IF(CE$4=CC$4, $B$3, IF(CE$4>CC$4, $B$2, $B$4)), "")))))) -> 3 | CD14: 3 | CE14: =SUM(CC14,CD14) -> 6 | CF14: Yellow | CG14: =IF(CF14="Out", VALUE($D14), IF(OR(CI$3="", CI$4=""),"", IF(CF14=CF$3, IF(CG$3=CI$3, $B$3, IF(CG$3>CI$3, $B$2, $B$4)), IF(CF14=CH$3, IF(CI$3=CG$3, $B$3, IF(CI$3>CG$3, $B$2, $B$4)), IF(CF14=CF$4, IF(CG$4=CI$4, $B$3, IF(CG$4>CI$4, $B$2, $B$4)), IF(CF14=CH$4, IF(CI$4=CG$4, $B$3, IF(CI$4>CG$4, $B$2, $B$4)), "")))))) -> 0 | CH14: 0 | CI14: =SUM(CG14,CH14) -> 0 | CJ14: =SUM(BS14,BW14,CA14,CE14,CI14) -> 14 | CK14: Yellow | CL14: =IF(CK14="Out", VALUE($D14), IF(OR(CN$3="", CN$4=""),"", IF(CK14=CK$3, IF(CL$3=CN$3, $B$3, IF(CL$3>CN$3, $B$2, $B$4)), IF(CK14=CM$3, IF(CN$3=CL$3, $B$3, IF(CN$3>CL$3, $B$2, $B$4)), IF(CK14=CK$4, IF(CL$4=CN$4, $B$3, IF(CL$4>CN$4, $B$2, $B$4)), IF(CK14=CM$4, IF(CN$4=CL$4, $B$3, IF(CN$4>CL$4, $B$2, $B$4)), "")))))) -> 0 | CM14: 2 | CN14: =SUM(CL14,CM14) -> 2 | CO14: Jerseys | CP14: =IF(CO14="Out", VALUE($D14), IF(OR(CR$3="", CR$4=""),"", IF(CO14=CO$3, IF(CP$3=CR$3, $B$3, IF(CP$3>CR$3, $B$2, $B$4)), IF(CO14=CQ$3, IF(CR$3=CP$3, $B$3, IF(CR$3>CP$3, $B$2, $B$4)), IF(CO14=CO$4, IF(CP$4=CR$4, $B$3, IF(CP$4>CR$4, $B$2, $B$4)), IF(CO14=CQ$4, IF(CR$4=CP$4, $B$3, IF(CR$4>CP$4, $B$2, $B$4)), "")))))) -> 3 | CQ14: 1 | CR14: =SUM(CP14,CQ14) -> 4 | CS14: Blue | CT14: =IF(CS14="Out", VALUE($D14), IF(OR(CV$3="", CV$4=""),"", IF(CS14=CS$3, IF(CT$3=CV$3, $B$3, IF(CT$3>CV$3, $B$2, $B$4)), IF(CS14=CU$3, IF(CV$3=CT$3, $B$3, IF(CV$3>CT$3, $B$2, $B$4)), IF(CS14=CS$4, IF(CT$4=CV$4, $B$3, IF(CT$4>CV$4, $B$2, $B$4)), IF(CS14=CU$4, IF(CV$4=CT$4, $B$3, IF(CV$4>CT$4, $B$2, $B$4)), "")))))) -> 1 | CU14: 2 | CV14: =SUM(CT14,CU14) -> 3 | CW14: Jerseys | CX14: =IF(CW14="Out", VALUE($D14), IF(OR(CZ$3="", CZ$4=""),"", IF(CW14=CW$3, IF(CX$3=CZ$3, $B$3, IF(CX$3>CZ$3, $B$2, $B$4)), IF(CW14=CY$3, IF(CZ$3=CX$3, $B$3, IF(CZ$3>CX$3, $B$2, $B$4)), IF(CW14=CW$4, IF(CX$4=CZ$4, $B$3, IF(CX$4>CZ$4, $B$2, $B$4)), IF(CW14=CY$4, IF(CZ$4=CX$4, $B$3, IF(CZ$4>CX$4, $B$2, $B$4)), "")))))) -> 0 | CY14: 1 | CZ14: =SUM(CX14,CY14) -> 1 | DA14: Pink | DB14: =IF(DA14="Out", VALUE($D14), IF(OR(DD$3="", DD$4=""),"", IF(DA14=DA$3, IF(DB$3=DD$3, $B$3, IF(DB$3>DD$3, $B$2, $B$4)), IF(DA14=DC$3, IF(DD$3=DB$3, $B$3, IF(DD$3>DB$3, $B$2, $B$4)), IF(DA14=DA$4, IF(DB$4=DD$4, $B$3, IF(DB$4>DD$4, $B$2, $B$4)), IF(DA14=DC$4, IF(DD$4=DB$4, $B$3, IF(DD$4>DB$4, $B$2, $B$4)), "")))))) -> 3 | DC14: 0 | DD14: =SUM(DB14,DC14) -> 3 | DE14: =SUM(CN14,CR14,CV14,CZ14,DD14) -> 13 | DF14: Pink | DG14: =IF(DF14="Out", VALUE($D14), IF(OR(DI$3="", DI$4=""),"", IF(DF14=DF$3, IF(DG$3=DI$3, $B$3, IF(DG$3>DI$3, $B$2, $B$4)), IF(DF14=DH$3, IF(DI$3=DG$3, $B$3, IF(DI$3>DG$3, $B$2, $B$4)), IF(DF14=DF$4, IF(DG$4=DI$4, $B$3, IF(DG$4>DI$4, $B$2, $B$4)), IF(DF14=DH$4, IF(DI$4=DG$4, $B$3, IF(DI$4>DG$4, $B$2, $B$4)), "")))))) -> 0 | DH14: 1 | DI14: =SUM(DG14,DH14) -> 1 | DJ14: Yellow | DK14: =IF(DJ14="Out", VALUE($D14), IF(OR(DM$3="", DM$4=""),"", IF(DJ14=DJ$3, IF(DK$3=DM$3, $B$3, IF(DK$3>DM$3, $B$2, $B$4)), IF(DJ14=DL$3, IF(DM$3=DK$3, $B$3, IF(DM$3>DK$3, $B$2, $B$4)), IF(DJ14=DJ$4, IF(DK$4=DM$4, $B$3, IF(DK$4>DM$4, $B$2, $B$4)), IF(DJ14=DL$4, IF(DM$4=DK$4, $B$3, IF(DM$4>DK$4, $B$2, $B$4)), "")))))) -> 0 | DL14: 0 | DM14: =SUM(DK14,DL14) -> 0 | DN14: Blue | DO14: =IF(DN14="Out", VALUE($D14), IF(OR(DQ$3="", DQ$4=""),"", IF(DN14=DN$3, IF(DO$3=DQ$3, $B$3, IF(DO$3>DQ$3, $B$2, $B$4)), IF(DN14=DP$3, IF(DQ$3=DO$3, $B$3, IF(DQ$3>DO$3, $B$2, $B$4)), IF(DN14=DN$4, IF(DO$4=DQ$4, $B$3, IF(DO$4>DQ$4, $B$2, $B$4)), IF(DN14=DP$4, IF(DQ$4=DO$4, $B$3, IF(DQ$4>DO$4, $B$2, $B$4)), "")))))) -> 0 | DP14: 0 | DQ14: =SUM(DO14,DP14) -> 0 | DR14: Blue | DS14: =IF(DR14="Out", VALUE($D14), IF(OR(DU$3="", DU$4=""),"", IF(DR14=DR$3, IF(DS$3=DU$3, $B$3, IF(DS$3>DU$3, $B$2, $B$4)), IF(DR14=DT$3, IF(DU$3=DS$3, $B$3, IF(DU$3>DS$3, $B$2, $B$4)), IF(DR14=DR$4, IF(DS$4=DU$4, $B$3, IF(DS$4>DU$4, $B$2, $B$4)), IF(DR14=DT$4, IF(DU$4=DS$4, $B$3, IF(DU$4>DS$4, $B$2, $B$4)), "")))))) -> 0 | DT14: 0 | DU14: =SUM(DS14,DT14) -> 0 | DV14: Pink | DW14: =IF(DV14="Out", VALUE($D14), IF(OR(DY$3="", DY$4=""),"", IF(DV14=DV$3, IF(DW$3=DY$3, $B$3, IF(DW$3>DY$3, $B$2, $B$4)), IF(DV14=DX$3, IF(DY$3=DW$3, $B$3, IF(DY$3>DW$3, $B$2, $B$4)), IF(DV14=DV$4, IF(DW$4=DY$4, $B$3, IF(DW$4>DY$4, $B$2, $B$4)), IF(DV14=DX$4, IF(DY$4=DW$4, $B$3, IF(DY$4>DW$4, $B$2, $B$4)), "")))))) -> 0 | DX14: 0 | DY14: =SUM(DW14,DX14) -> 0 | DZ14: =SUM(DI14,DM14,DQ14,DU14,DY14) -> 1 | EA14: Out | EB14: =IF(EA14="Out", VALUE($D14), IF(OR(ED$3="", ED$4=""),"", IF(EA14=EA$3, IF(EB$3=ED$3, $B$3, IF(EB$3>ED$3, $B$2, $B$4)), IF(EA14=EC$3, IF(ED$3=EB$3, $B$3, IF(ED$3>EB$3, $B$2, $B$4)), IF(EA14=EA$4, IF(EB$4=ED$4, $B$3, IF(EB$4>ED$4, $B$2, $B$4)), IF(EA14=EC$4, IF(ED$4=EB$4, $B$3, IF(ED$4>EB$4, $B$2, $B$4)), "")))))) -> 1.0344828 | EC14: =IF(EA14="Out", $C14) -> 0.68965517 | ED14: =SUM(EB14,EC14) -> 1.7241379 | EE14: Out | EF14: =IF(EE14="Out", VALUE($D14), IF(OR(EH$3="", EH$4=""),"", IF(EE14=EE$3, IF(EF$3=EH$3, $B$3, IF(EF$3>EH$3, $B$2, $B$4)), IF(EE14=EG$3, IF(EH$3=EF$3, $B$3, IF(EH$3>EF$3, $B$2, $B$4)), IF(EE14=EE$4, IF(EF$4=EH$4, $B$3, IF(EF$4>EH$4, $B$2, $B$4)), IF(EE14=EG$4, IF(EH$4=EF$4, $B$3, IF(EH$4>EF$4, $B$2, $B$4)), "")))))) -> 1.0344828 | EG14: =IF(EE14="Out", $C14) -> 0.68965517 | EH14: =SUM(EF14,EG14) -> 1.7241379 | EI14: Out | EJ14: =IF(EI14="Out", VALUE($D14), IF(OR(EL$3="", EL$4=""),"", IF(EI14=EI$3, IF(EJ$3=EL$3, $B$3, IF(EJ$3>EL$3, $B$2, $B$4)), IF(EI14=EK$3, IF(EL$3=EJ$3, $B$3, IF(EL$3>EJ$3, $B$2, $B$4)), IF(EI14=EI$4, IF(EJ$4=EL$4, $B$3, IF(EJ$4>EL$4, $B$2, $B$4)), IF(EI14=EK$4, IF(EL$4=EJ$4, $B$3, IF(EL$4>EJ$4, $B$2, $B$4)), "")))))) -> 1.0344828 | EK14: =IF(EI14="Out", $C14) -> 0.68965517 | EL14: =SUM(EJ14,EK14) -> 1.7241379 | EM14: Out | EN14: =IF(EM14="Out", VALUE($D14), IF(OR(EP$3="", EP$4=""),"", IF(EM14=EM$3, IF(EN$3=EP$3, $B$3, IF(EN$3>EP$3, $B$2, $B$4)), IF(EM14=EO$3, IF(EP$3=EN$3, $B$3, IF(EP$3>EN$3, $B$2, $B$4)), IF(EM14=EM$4, IF(EN$4=EP$4, $B$3, IF(EN$4>EP$4, $B$2, $B$4)), IF(EM14=EO$4, IF(EP$4=EN$4, $B$3, IF(EP$4>EN$4, $B$2, $B$4)), "")))))) -> 1.0344828 | EO14: =IF(EM14="Out", $C14) -> 0.68965517 | EP14: =SUM(EN14,EO14) -> 1.7241379 | EQ14: Out | ER14: =IF(EQ14="Out", VALUE($D14), IF(OR(ET$3="", ET$4=""),"", IF(EQ14=EQ$3, IF(ER$3=ET$3, $B$3, IF(ER$3>ET$3, $B$2, $B$4)), IF(EQ14=ES$3, IF(ET$3=ER$3, $B$3, IF(ET$3>ER$3, $B$2, $B$4)), IF(EQ14=EQ$4, IF(ER$4=ET$4, $B$3, IF(ER$4>ET$4, $B$2, $B$4)), IF(EQ14=ES$4, IF(ET$4=ER$4, $B$3, IF(ET$4>ER$4, $B$2, $B$4)), "")))))) -> 1.0344828 | ES14: =IF(EQ14="Out", $C14) -> 0.68965517 | ET14: =SUM(ER14,ES14) -> 1.7241379 | EU14: =SUM(ED14,EH14,EL14,EP14,ET14) -> 8.6206897 | EV14: Jerseys | EW14: =IF(EV14="Out", VALUE($D14), IF(OR(EY$3="", EY$4=""),"", IF(EV14=EV$3, IF(EW$3=EY$3, $B$3, IF(EW$3>EY$3, $B$2, $B$4)), IF(EV14=EX$3, IF(EY$3=EW$3, $B$3, IF(EY$3>EW$3, $B$2, $B$4)), IF(EV14=EV$4, IF(EW$4=EY$4, $B$3, IF(EW$4>EY$4, $B$2, $B$4)), IF(EV14=EX$4, IF(EY$4=EW$4, $B$3, IF(EY$4>EW$4, $B$2, $B$4)), "")))))) -> 1 | EX14: 1 | EY14: =SUM(EW14,EX14) -> 2 | EZ14: Pink | FA14: =IF(EZ14="Out", VALUE($D14), IF(OR(FC$3="", FC$4=""),"", IF(EZ14=EZ$3, IF(FA$3=FC$3, $B$3, IF(FA$3>FC$3, $B$2, $B$4)), IF(EZ14=FB$3, IF(FC$3=FA$3, $B$3, IF(FC$3>FA$3, $B$2, $B$4)), IF(EZ14=EZ$4, IF(FA$4=FC$4, $B$3, IF(FA$4>FC$4, $B$2, $B$4)), IF(EZ14=FB$4, IF(FC$4=FA$4, $B$3, IF(FC$4>FA$4, $B$2, $B$4)), "")))))) -> 3 | FB14: 1 | FC14: =SUM(FA14,FB14) -> 4 | FD14: Pink | FE14: =IF(FD14="Out", VALUE($D14), IF(OR(FG$3="", FG$4=""),"", IF(FD14=FD$3, IF(FE$3=FG$3, $B$3, IF(FE$3>FG$3, $B$2, $B$4)), IF(FD14=FF$3, IF(FG$3=FE$3, $B$3, IF(FG$3>FE$3, $B$2, $B$4)), IF(FD14=FD$4, IF(FE$4=FG$4, $B$3, IF(FE$4>FG$4, $B$2, $B$4)), IF(FD14=FF$4, IF(FG$4=FE$4, $B$3, IF(FG$4>FE$4, $B$2, $B$4)), "")))))) -> 3 | FF14: 2 | FG14: =SUM(FE14,FF14) -> 5 | FH14: Yellow | FI14: =IF(FH14="Out", VALUE($D14), IF(OR(FK$3="", FK$4=""),"", IF(FH14=FH$3, IF(FI$3=FK$3, $B$3, IF(FI$3>FK$3, $B$2, $B$4)), IF(FH14=FJ$3, IF(FK$3=FI$3, $B$3, IF(FK$3>FI$3, $B$2, $B$4)), IF(FH14=FH$4, IF(FI$4=FK$4, $B$3, IF(FI$4>FK$4, $B$2, $B$4)), IF(FH14=FJ$4, IF(FK$4=FI$4, $B$3, IF(FK$4>FI$4, $B$2, $B$4)), "")))))) -> 1 | FJ14: 2 | FK14: =SUM(FI14,FJ14) -> 3 | FL14: =SUM(EU14,EY14,FC14,FG14,FK14) -> 22.62069
A15: Crounse | B15: Lucy | C15: =AVERAGEIF($7:$7,"Goals",15:15) -> 0.40625 | D15: =VALUE(AVERAGEIF($E$7:$ZZ$7,"Team Pts",$E15:$ZZ15)) -> 1.3125 | E15: Yellow | F15: =IF(OR(H$3="", H$4=""),"", IF(E15=E$3, IF(F$3=H$3, B$3, IF(F$3>H$3, B$2, B$4)), IF(E15=G$3, IF(H$3=F$3, B$3, IF(H$3>F$3, B$2, B$4)), IF(E15=E$4, IF(F$4=H$4, B$3, IF(F$4>H$4, B$2, B$4)), IF(E15=G$4, IF(H$4=F$4, B$3, IF(H$4>F$4, B$2, B$4)), ""))))) -> 3 | G15: 0 | H15: =SUM(F15,G15) -> 3 | I15: Jerseys | J15: =IF(OR(L$3="", L$4=""),"", IF(I15=I$3, IF(J$3=L$3, B$3, IF(J$3>L$3, B$2, B$4)), IF(I15=K$3, IF(L$3=J$3, B$3, IF(L$3>J$3, B$2, B$4)), IF(I15=I$4, IF(J$4=L$4, B$3, IF(J$4>L$4, B$2, B$4)), IF(I15=K$4, IF(L$4=J$4, B$3, IF(L$4>J$4, B$2, B$4)), ""))))) -> 0 | K15: 1 | L15: =SUM(J15,K15) -> 1 | M15: Yellow | N15: =IF(OR(P$3="", P$4=""),"", IF(M15=M$3, IF(N$3=P$3, B$3, IF(N$3>P$3, B$2, B$4)), IF(M15=O$3, IF(P$3=N$3, B$3, IF(P$3>N$3, B$2, B$4)), IF(M15=M$4, IF(N$4=P$4, B$3, IF(N$4>P$4, B$2, B$4)), IF(M15=O$4, IF(P$4=N$4, B$3, IF(P$4>N$4, B$2, B$4)), ""))))) -> 3 | O15: 0 | P15: =SUM(N15,O15) -> 3 | Q15: Blue | R15: =IF(OR(T$3="", T$4=""),"", IF(Q15=Q$3, IF(R$3=T$3, B$3, IF(R$3>T$3, B$2, B$4)), IF(Q15=S$3, IF(T$3=R$3, B$3, IF(T$3>R$3, B$2, B$4)), IF(Q15=Q$4, IF(R$4=T$4, B$3, IF(R$4>T$4, B$2, B$4)), IF(Q15=S$4, IF(T$4=R$4, B$3, IF(T$4>R$4, B$2, B$4)), ""))))) -> 3 | S15: 0 | T15: =SUM(R15,S15) -> 3 | U15: Pink | V15: =IF(OR(X$3="", X$4=""),"", IF(U15=U$3, IF(V$3=X$3, B$3, IF(V$3>X$3, B$2, B$4)), IF(U15=W$3, IF(X$3=V$3, B$3, IF(X$3>V$3, B$2, B$4)), IF(U15=U$4, IF(V$4=X$4, B$3, IF(V$4>X$4, B$2, B$4)), IF(U15=W$4, IF(X$4=V$4, B$3, IF(X$4>V$4, B$2, B$4)), ""))))) -> 3 | W15: 1 | X15: =SUM(V15,W15) -> 4 | Y15: =SUM(H15,L15,P15,T15,X15) -> 14 | Z15: Jerseys | AA15: =IF(Z15="Out", VALUE($D15), IF(OR(AC$3="", AC$4=""),"", IF(Z15=Z$3, IF(AA$3=AC$3, $B$3, IF(AA$3>AC$3, $B$2, $B$4)), IF(Z15=AB$3, IF(AC$3=AA$3, $B$3, IF(AC$3>AA$3, $B$2, $B$4)), IF(Z15=Z$4, IF(AA$4=AC$4, $B$3, IF(AA$4>AC$4, $B$2, $B$4)), IF(Z15=AB$4, IF(AC$4=AA$4, $B$3, IF(AC$4>AA$4, $B$2, $B$4)), "")))))) -> 3 | AB15: 1 | AC15: =SUM(AA15,AB15) -> 4 | AD15: Yellow | AE15: =IF(AD15="Out", VALUE($D15), IF(OR(AG$3="", AG$4=""),"", IF(AD15=AD$3, IF(AE$3=AG$3, $B$3, IF(AE$3>AG$3, $B$2, $B$4)), IF(AD15=AF$3, IF(AG$3=AE$3, $B$3, IF(AG$3>AE$3, $B$2, $B$4)), IF(AD15=AD$4, IF(AE$4=AG$4, $B$3, IF(AE$4>AG$4, $B$2, $B$4)), IF(AD15=AF$4, IF(AG$4=AE$4, $B$3, IF(AG$4>AE$4, $B$2, $B$4)), "")))))) -> 0 | AF15: 0 | AG15: =SUM(AE15,AF15) -> 0 | AH15: Yellow | AI15: =IF(OR(AK$3="", AK$4=""),"", IF(AH15=AH$3, IF(AI$3=AK$3, $B$3, IF(AI$3>AK$3, $B$2, $B$4)), IF(AH15=AJ$3, IF(AK$3=AI$3, $B$3, IF(AK$3>AI$3, $B$2, $B$4)), IF(AH15=AH$4, IF(AI$4=AK$4, $B$3, IF(AI$4>AK$4, $B$2, $B$4)), IF(AH15=AJ$4, IF(AK$4=AI$4, $B$3, IF(AK$4>AI$4, $B$2, $B$4)), ""))))) -> 0 | AJ15: 0 | AK15: =SUM(AI15,AJ15) -> 0 | AL15: Pink | AM15: =IF(OR(AO$3="", AO$4=""),"", IF(AL15=AL$3, IF(AM$3=AO$3, $B$3, IF(AM$3>AO$3, $B$2, $B$4)), IF(AL15=AN$3, IF(AO$3=AM$3, $B$3, IF(AO$3>AM$3, $B$2, $B$4)), IF(AL15=AL$4, IF(AM$4=AO$4, $B$3, IF(AM$4>AO$4, $B$2, $B$4)), IF(AL15=AN$4, IF(AO$4=AM$4, $B$3, IF(AO$4>AM$4, $B$2, $B$4)), ""))))) -> 3 | AN15: 1 | AO15: =SUM(AM15,AN15) -> 4 | AP15: Blue | AQ15: =IF(OR(AS$3="", AS$4=""),"", IF(AP15=AP$3, IF(AQ$3=AS$3, $B$3, IF(AQ$3>AS$3, $B$2, $B$4)), IF(AP15=AR$3, IF(AS$3=AQ$3, $B$3, IF(AS$3>AQ$3, $B$2, $B$4)), IF(AP15=AP$4, IF(AQ$4=AS$4, $B$3, IF(AQ$4>AS$4, $B$2, $B$4)), IF(AP15=AR$4, IF(AS$4=AQ$4, $B$3, IF(AS$4>AQ$4, $B$2, $B$4)), ""))))) -> 3 | AR15: 0 | AS15: =SUM(AQ15,AR15) -> 3 | AT15: =SUM(AC15,AG15,AK15,AO15,AS15) -> 11 | AU15: Yellow | AV15: =IF(AU15="Out", VALUE($D15), IF(OR(AX$3="", AX$4=""),"", IF(AU15=AU$3, IF(AV$3=AX$3, $B$3, IF(AV$3>AX$3, $B$2, $B$4)), IF(AU15=AW$3, IF(AX$3=AV$3, $B$3, IF(AX$3>AV$3, $B$2, $B$4)), IF(AU15=AU$4, IF(AV$4=AX$4, $B$3, IF(AV$4>AX$4, $B$2, $B$4)), IF(AU15=AW$4, IF(AX$4=AV$4, $B$3, IF(AX$4>AV$4, $B$2, $B$4)), "")))))) -> 3 | AW15: 1 | AX15: =SUM(AV15,AW15) -> 4 | AY15: Pink | AZ15: =IF(AY15="Out", VALUE($D15), IF(OR(BB$3="", BB$4=""),"", IF(AY15=AY$3, IF(AZ$3=BB$3, $B$3, IF(AZ$3>BB$3, $B$2, $B$4)), IF(AY15=BA$3, IF(BB$3=AZ$3, $B$3, IF(BB$3>AZ$3, $B$2, $B$4)), IF(AY15=AY$4, IF(AZ$4=BB$4, $B$3, IF(AZ$4>BB$4, $B$2, $B$4)), IF(AY15=BA$4, IF(BB$4=AZ$4, $B$3, IF(BB$4>AZ$4, $B$2, $B$4)), "")))))) -> 1 | BA15: 0 | BB15: =SUM(AZ15,BA15) -> 1 | BC15: Pink | BD15: =IF(BC15="Out", VALUE($D15), IF(OR(BF$3="", BF$4=""),"", IF(BC15=BC$3, IF(BD$3=BF$3, $B$3, IF(BD$3>BF$3, $B$2, $B$4)), IF(BC15=BE$3, IF(BF$3=BD$3, $B$3, IF(BF$3>BD$3, $B$2, $B$4)), IF(BC15=BC$4, IF(BD$4=BF$4, $B$3, IF(BD$4>BF$4, $B$2, $B$4)), IF(BC15=BE$4, IF(BF$4=BD$4, $B$3, IF(BF$4>BD$4, $B$2, $B$4)), "")))))) -> 3 | BE15: 1 | BF15: =SUM(BD15,BE15) -> 4 | BG15: Yellow | BH15: =IF(BG15="Out", VALUE($D15), IF(OR(BJ$3="", BJ$4=""),"", IF(BG15=BG$3, IF(BH$3=BJ$3, $B$3, IF(BH$3>BJ$3, $B$2, $B$4)), IF(BG15=BI$3, IF(BJ$3=BH$3, $B$3, IF(BJ$3>BH$3, $B$2, $B$4)), IF(BG15=BG$4, IF(BH$4=BJ$4, $B$3, IF(BH$4>BJ$4, $B$2, $B$4)), IF(BG15=BI$4, IF(BJ$4=BH$4, $B$3, IF(BJ$4>BH$4, $B$2, $B$4)), "")))))) -> 3 | BI15: 1 | BJ15: =SUM(BH15,BI15) -> 4 | BK15: Pink | BL15: =IF(BK15="Out", VALUE($D15), IF(OR(BN$3="", BN$4=""),"", IF(BK15=BK$3, IF(BL$3=BN$3, $B$3, IF(BL$3>BN$3, $B$2, $B$4)), IF(BK15=BM$3, IF(BN$3=BL$3, $B$3, IF(BN$3>BL$3, $B$2, $B$4)), IF(BK15=BK$4, IF(BL$4=BN$4, $B$3, IF(BL$4>BN$4, $B$2, $B$4)), IF(BK15=BM$4, IF(BN$4=BL$4, $B$3, IF(BN$4>BL$4, $B$2, $B$4)), "")))))) -> 3 | BM15: 2 | BN15: =SUM(BL15,BM15) -> 5 | BO15: =SUM(AX15,BB15,BF15,BJ15,BN15) -> 18 | BP15: Pink | BQ15: =IF(BP15="Out", VALUE($D15), IF(OR(BS$3="", BS$4=""),"", IF(BP15=BP$3, IF(BQ$3=BS$3, $B$3, IF(BQ$3>BS$3, $B$2, $B$4)), IF(BP15=BR$3, IF(BS$3=BQ$3, $B$3, IF(BS$3>BQ$3, $B$2, $B$4)), IF(BP15=BP$4, IF(BQ$4=BS$4, $B$3, IF(BQ$4>BS$4, $B$2, $B$4)), IF(BP15=BR$4, IF(BS$4=BQ$4, $B$3, IF(BS$4>BQ$4, $B$2, $B$4)), "")))))) -> 0 | BR15: 1 | BS15: =SUM(BQ15,BR15) -> 1 | BT15: Jerseys | BU15: =IF(BT15="Out", VALUE($D15), IF(OR(BW$3="", BW$4=""),"", IF(BT15=BT$3, IF(BU$3=BW$3, $B$3, IF(BU$3>BW$3, $B$2, $B$4)), IF(BT15=BV$3, IF(BW$3=BU$3, $B$3, IF(BW$3>BU$3, $B$2, $B$4)), IF(BT15=BT$4, IF(BU$4=BW$4, $B$3, IF(BU$4>BW$4, $B$2, $B$4)), IF(BT15=BV$4, IF(BW$4=BU$4, $B$3, IF(BW$4>BU$4, $B$2, $B$4)), "")))))) -> 0 | BV15: 0 | BW15: =SUM(BU15,BV15) -> 0 | BX15: Pink | BY15: =IF(BX15="Out", VALUE($D15), IF(OR(CA$3="", CA$4=""),"", IF(BX15=BX$3, IF(BY$3=CA$3, $B$3, IF(BY$3>CA$3, $B$2, $B$4)), IF(BX15=BZ$3, IF(CA$3=BY$3, $B$3, IF(CA$3>BY$3, $B$2, $B$4)), IF(BX15=BX$4, IF(BY$4=CA$4, $B$3, IF(BY$4>CA$4, $B$2, $B$4)), IF(BX15=BZ$4, IF(CA$4=BY$4, $B$3, IF(CA$4>BY$4, $B$2, $B$4)), "")))))) -> 0 | BZ15: 0 | CA15: =SUM(BY15,BZ15) -> 0 | CB15: Out | CC15: =IF(CB15="Out", VALUE($D15), IF(OR(CE$3="", CE$4=""),"", IF(CB15=CB$3, IF(CC$3=CE$3, $B$3, IF(CC$3>CE$3, $B$2, $B$4)), IF(CB15=CD$3, IF(CE$3=CC$3, $B$3, IF(CE$3>CC$3, $B$2, $B$4)), IF(CB15=CB$4, IF(CC$4=CE$4, $B$3, IF(CC$4>CE$4, $B$2, $B$4)), IF(CB15=CD$4, IF(CE$4=CC$4, $B$3, IF(CE$4>CC$4, $B$2, $B$4)), "")))))) -> 1.3125 | CD15: =IF(CB15="Out", $C15) -> 0.40625 | CE15: =SUM(CC15,CD15) -> 1.71875 | CF15: Out | CG15: =IF(CF15="Out", VALUE($D15), IF(OR(CI$3="", CI$4=""),"", IF(CF15=CF$3, IF(CG$3=CI$3, $B$3, IF(CG$3>CI$3, $B$2, $B$4)), IF(CF15=CH$3, IF(CI$3=CG$3, $B$3, IF(CI$3>CG$3, $B$2, $B$4)), IF(CF15=CF$4, IF(CG$4=CI$4, $B$3, IF(CG$4>CI$4, $B$2, $B$4)), IF(CF15=CH$4, IF(CI$4=CG$4, $B$3, IF(CI$4>CG$4, $B$2, $B$4)), "")))))) -> 1.3125 | CH15: =IF(CF15="Out", $C15) -> 0.40625 | CI15: =SUM(CG15,CH15) -> 1.71875 | CJ15: =SUM(BS15,BW15,CA15,CE15,CI15) -> 4.4375 | CK15: Out | CL15: =IF(CK15="Out", VALUE($D15), IF(OR(CN$3="", CN$4=""),"", IF(CK15=CK$3, IF(CL$3=CN$3, $B$3, IF(CL$3>CN$3, $B$2, $B$4)), IF(CK15=CM$3, IF(CN$3=CL$3, $B$3, IF(CN$3>CL$3, $B$2, $B$4)), IF(CK15=CK$4, IF(CL$4=CN$4, $B$3, IF(CL$4>CN$4, $B$2, $B$4)), IF(CK15=CM$4, IF(CN$4=CL$4, $B$3, IF(CN$4>CL$4, $B$2, $B$4)), "")))))) -> 1.3125 | CM15: =IF(CK15="Out", $C15) -> 0.40625 | CN15: =SUM(CL15,CM15) -> 1.71875 | CO15: Out | CP15: =IF(CO15="Out", VALUE($D15), IF(OR(CR$3="", CR$4=""),"", IF(CO15=CO$3, IF(CP$3=CR$3, $B$3, IF(CP$3>CR$3, $B$2, $B$4)), IF(CO15=CQ$3, IF(CR$3=CP$3, $B$3, IF(CR$3>CP$3, $B$2, $B$4)), IF(CO15=CO$4, IF(CP$4=CR$4, $B$3, IF(CP$4>CR$4, $B$2, $B$4)), IF(CO15=CQ$4, IF(CR$4=CP$4, $B$3, IF(CR$4>CP$4, $B$2, $B$4)), "")))))) -> 1.3125 | CQ15: =IF(CO15="Out", $C15) -> 0.40625 | CR15: =SUM(CP15,CQ15) -> 1.71875 | CS15: Out | CT15: =IF(CS15="Out", VALUE($D15), IF(OR(CV$3="", CV$4=""),"", IF(CS15=CS$3, IF(CT$3=CV$3, $B$3, IF(CT$3>CV$3, $B$2, $B$4)), IF(CS15=CU$3, IF(CV$3=CT$3, $B$3, IF(CV$3>CT$3, $B$2, $B$4)), IF(CS15=CS$4, IF(CT$4=CV$4, $B$3, IF(CT$4>CV$4, $B$2, $B$4)), IF(CS15=CU$4, IF(CV$4=CT$4, $B$3, IF(CV$4>CT$4, $B$2, $B$4)), "")))))) -> 1.3125 | CU15: =IF(CS15="Out", $C15) -> 0.40625 | CV15: =SUM(CT15,CU15) -> 1.71875 | CW15: Out | CX15: =IF(CW15="Out", VALUE($D15), IF(OR(CZ$3="", CZ$4=""),"", IF(CW15=CW$3, IF(CX$3=CZ$3, $B$3, IF(CX$3>CZ$3, $B$2, $B$4)), IF(CW15=CY$3, IF(CZ$3=CX$3, $B$3, IF(CZ$3>CX$3, $B$2, $B$4)), IF(CW15=CW$4, IF(CX$4=CZ$4, $B$3, IF(CX$4>CZ$4, $B$2, $B$4)), IF(CW15=CY$4, IF(CZ$4=CX$4, $B$3, IF(CZ$4>CX$4, $B$2, $B$4)), "")))))) -> 1.3125 | CY15: =IF(CW15="Out", $C15) -> 0.40625 | CZ15: =SUM(CX15,CY15) -> 1.71875 | DA15: Out | DB15: =IF(DA15="Out", VALUE($D15), IF(OR(DD$3="", DD$4=""),"", IF(DA15=DA$3, IF(DB$3=DD$3, $B$3, IF(DB$3>DD$3, $B$2, $B$4)), IF(DA15=DC$3, IF(DD$3=DB$3, $B$3, IF(DD$3>DB$3, $B$2, $B$4)), IF(DA15=DA$4, IF(DB$4=DD$4, $B$3, IF(DB$4>DD$4, $B$2, $B$4)), IF(DA15=DC$4, IF(DD$4=DB$4, $B$3, IF(DD$4>DB$4, $B$2, $B$4)), "")))))) -> 1.3125 | DC15: =IF(DA15="Out", $C15) -> 0.40625 | DD15: =SUM(DB15,DC15) -> 1.71875 | DE15: =SUM(CN15,CR15,CV15,CZ15,DD15) -> 8.59375 | DF15: Pink | DG15: =IF(DF15="Out", VALUE($D15), IF(OR(DI$3="", DI$4=""),"", IF(DF15=DF$3, IF(DG$3=DI$3, $B$3, IF(DG$3>DI$3, $B$2, $B$4)), IF(DF15=DH$3, IF(DI$3=DG$3, $B$3, IF(DI$3>DG$3, $B$2, $B$4)), IF(DF15=DF$4, IF(DG$4=DI$4, $B$3, IF(DG$4>DI$4, $B$2, $B$4)), IF(DF15=DH$4, IF(DI$4=DG$4, $B$3, IF(DI$4>DG$4, $B$2, $B$4)), "")))))) -> 0 | DH15: 0 | DI15: =SUM(DG15,DH15) -> 0 | DJ15: Blue | DK15: =IF(DJ15="Out", VALUE($D15), IF(OR(DM$3="", DM$4=""),"", IF(DJ15=DJ$3, IF(DK$3=DM$3, $B$3, IF(DK$3>DM$3, $B$2, $B$4)), IF(DJ15=DL$3, IF(DM$3=DK$3, $B$3, IF(DM$3>DK$3, $B$2, $B$4)), IF(DJ15=DJ$4, IF(DK$4=DM$4, $B$3, IF(DK$4>DM$4, $B$2, $B$4)), IF(DJ15=DL$4, IF(DM$4=DK$4, $B$3, IF(DM$4>DK$4, $B$2, $B$4)), "")))))) -> 0 | DL15: 0 | DM15: =SUM(DK15,DL15) -> 0 | DN15: Blue | DO15: =IF(DN15="Out", VALUE($D15), IF(OR(DQ$3="", DQ$4=""),"", IF(DN15=DN$3, IF(DO$3=DQ$3, $B$3, IF(DO$3>DQ$3, $B$2, $B$4)), IF(DN15=DP$3, IF(DQ$3=DO$3, $B$3, IF(DQ$3>DO$3, $B$2, $B$4)), IF(DN15=DN$4, IF(DO$4=DQ$4, $B$3, IF(DO$4>DQ$4, $B$2, $B$4)), IF(DN15=DP$4, IF(DQ$4=DO$4, $B$3, IF(DQ$4>DO$4, $B$2, $B$4)), "")))))) -> 0 | DP15: 0 | DQ15: =SUM(DO15,DP15) -> 0 | DR15: Yellow | DS15: =IF(DR15="Out", VALUE($D15), IF(OR(DU$3="", DU$4=""),"", IF(DR15=DR$3, IF(DS$3=DU$3, $B$3, IF(DS$3>DU$3, $B$2, $B$4)), IF(DR15=DT$3, IF(DU$3=DS$3, $B$3, IF(DU$3>DS$3, $B$2, $B$4)), IF(DR15=DR$4, IF(DS$4=DU$4, $B$3, IF(DS$4>DU$4, $B$2, $B$4)), IF(DR15=DT$4, IF(DU$4=DS$4, $B$3, IF(DU$4>DS$4, $B$2, $B$4)), "")))))) -> 0 | DT15: 1 | DU15: =SUM(DS15,DT15) -> 1 | DV15: Yellow | DW15: =IF(DV15="Out", VALUE($D15), IF(OR(DY$3="", DY$4=""),"", IF(DV15=DV$3, IF(DW$3=DY$3, $B$3, IF(DW$3>DY$3, $B$2, $B$4)), IF(DV15=DX$3, IF(DY$3=DW$3, $B$3, IF(DY$3>DW$3, $B$2, $B$4)), IF(DV15=DV$4, IF(DW$4=DY$4, $B$3, IF(DW$4>DY$4, $B$2, $B$4)), IF(DV15=DX$4, IF(DY$4=DW$4, $B$3, IF(DY$4>DW$4, $B$2, $B$4)), "")))))) -> 3 | DX15: 0 | DY15: =SUM(DW15,DX15) -> 3 | DZ15: =SUM(DI15,DM15,DQ15,DU15,DY15) -> 4 | EA15: Pink | EB15: =IF(EA15="Out", VALUE($D15), IF(OR(ED$3="", ED$4=""),"", IF(EA15=EA$3, IF(EB$3=ED$3, $B$3, IF(EB$3>ED$3, $B$2, $B$4)), IF(EA15=EC$3, IF(ED$3=EB$3, $B$3, IF(ED$3>EB$3, $B$2, $B$4)), IF(EA15=EA$4, IF(EB$4=ED$4, $B$3, IF(EB$4>ED$4, $B$2, $B$4)), IF(EA15=EC$4, IF(ED$4=EB$4, $B$3, IF(ED$4>EB$4, $B$2, $B$4)), "")))))) -> 1 | EC15: 2 | ED15: =SUM(EB15,EC15) -> 3 | EE15: Blue | EF15: =IF(EE15="Out", VALUE($D15), IF(OR(EH$3="", EH$4=""),"", IF(EE15=EE$3, IF(EF$3=EH$3, $B$3, IF(EF$3>EH$3, $B$2, $B$4)), IF(EE15=EG$3, IF(EH$3=EF$3, $B$3, IF(EH$3>EF$3, $B$2, $B$4)), IF(EE15=EE$4, IF(EF$4=EH$4, $B$3, IF(EF$4>EH$4, $B$2, $B$4)), IF(EE15=EG$4, IF(EH$4=EF$4, $B$3, IF(EH$4>EF$4, $B$2, $B$4)), "")))))) -> 0 | EG15: 0 | EH15: =SUM(EF15,EG15) -> 0 | EI15: Jerseys | EJ15: =IF(EI15="Out", VALUE($D15), IF(OR(EL$3="", EL$4=""),"", IF(EI15=EI$3, IF(EJ$3=EL$3, $B$3, IF(EJ$3>EL$3, $B$2, $B$4)), IF(EI15=EK$3, IF(EL$3=EJ$3, $B$3, IF(EL$3>EJ$3, $B$2, $B$4)), IF(EI15=EI$4, IF(EJ$4=EL$4, $B$3, IF(EJ$4>EL$4, $B$2, $B$4)), IF(EI15=EK$4, IF(EL$4=EJ$4, $B$3, IF(EL$4>EJ$4, $B$2, $B$4)), "")))))) -> 3 | EK15: 0 | EL15: =SUM(EJ15,EK15) -> 3 | EM15: Yellow | EN15: =IF(EM15="Out", VALUE($D15), IF(OR(EP$3="", EP$4=""),"", IF(EM15=EM$3, IF(EN$3=EP$3, $B$3, IF(EN$3>EP$3, $B$2, $B$4)), IF(EM15=EO$3, IF(EP$3=EN$3, $B$3, IF(EP$3>EN$3, $B$2, $B$4)), IF(EM15=EM$4, IF(EN$4=EP$4, $B$3, IF(EN$4>EP$4, $B$2, $B$4)), IF(EM15=EO$4, IF(EP$4=EN$4, $B$3, IF(EP$4>EN$4, $B$2, $B$4)), "")))))) -> 1 | EO15: 0 | EP15: =SUM(EN15,EO15) -> 1 | EQ15: Yellow | ER15: =IF(EQ15="Out", VALUE($D15), IF(OR(ET$3="", ET$4=""),"", IF(EQ15=EQ$3, IF(ER$3=ET$3, $B$3, IF(ER$3>ET$3, $B$2, $B$4)), IF(EQ15=ES$3, IF(ET$3=ER$3, $B$3, IF(ET$3>ER$3, $B$2, $B$4)), IF(EQ15=EQ$4, IF(ER$4=ET$4, $B$3, IF(ER$4>ET$4, $B$2, $B$4)), IF(EQ15=ES$4, IF(ET$4=ER$4, $B$3, IF(ET$4>ER$4, $B$2, $B$4)), "")))))) -> 0 | ES15: 0 | ET15: =SUM(ER15,ES15) -> 0 | EU15: =SUM(ED15,EH15,EL15,EP15,ET15) -> 7 | EV15: Pink | EW15: =IF(EV15="Out", VALUE($D15), IF(OR(EY$3="", EY$4=""),"", IF(EV15=EV$3, IF(EW$3=EY$3, $B$3, IF(EW$3>EY$3, $B$2, $B$4)), IF(EV15=EX$3, IF(EY$3=EW$3, $B$3, IF(EY$3>EW$3, $B$2, $B$4)), IF(EV15=EV$4, IF(EW$4=EY$4, $B$3, IF(EW$4>EY$4, $B$2, $B$4)), IF(EV15=EX$4, IF(EY$4=EW$4, $B$3, IF(EY$4>EW$4, $B$2, $B$4)), "")))))) -> 0 | EX15: 0 | EY15: =SUM(EW15,EX15) -> 0 | EZ15: Yellow | FA15: =IF(EZ15="Out", VALUE($D15), IF(OR(FC$3="", FC$4=""),"", IF(EZ15=EZ$3, IF(FA$3=FC$3, $B$3, IF(FA$3>FC$3, $B$2, $B$4)), IF(EZ15=FB$3, IF(FC$3=FA$3, $B$3, IF(FC$3>FA$3, $B$2, $B$4)), IF(EZ15=EZ$4, IF(FA$4=FC$4, $B$3, IF(FA$4>FC$4, $B$2, $B$4)), IF(EZ15=FB$4, IF(FC$4=FA$4, $B$3, IF(FC$4>FA$4, $B$2, $B$4)), "")))))) -> 0 | FB15: 0 | FC15: =SUM(FA15,FB15) -> 0 | FD15: Blue | FE15: =IF(FD15="Out", VALUE($D15), IF(OR(FG$3="", FG$4=""),"", IF(FD15=FD$3, IF(FE$3=FG$3, $B$3, IF(FE$3>FG$3, $B$2, $B$4)), IF(FD15=FF$3, IF(FG$3=FE$3, $B$3, IF(FG$3>FE$3, $B$2, $B$4)), IF(FD15=FD$4, IF(FE$4=FG$4, $B$3, IF(FE$4>FG$4, $B$2, $B$4)), IF(FD15=FF$4, IF(FG$4=FE$4, $B$3, IF(FG$4>FE$4, $B$2, $B$4)), "")))))) -> 0 | FF15: 0 | FG15: =SUM(FE15,FF15) -> 0 | FH15: Pink | FI15: =IF(FH15="Out", VALUE($D15), IF(OR(FK$3="", FK$4=""),"", IF(FH15=FH$3, IF(FI$3=FK$3, $B$3, IF(FI$3>FK$3, $B$2, $B$4)), IF(FH15=FJ$3, IF(FK$3=FI$3, $B$3, IF(FK$3>FI$3, $B$2, $B$4)), IF(FH15=FH$4, IF(FI$4=FK$4, $B$3, IF(FI$4>FK$4, $B$2, $B$4)), IF(FH15=FJ$4, IF(FK$4=FI$4, $B$3, IF(FK$4>FI$4, $B$2, $B$4)), "")))))) -> 0 | FJ15: 0 | FK15: =SUM(FI15,FJ15) -> 0 | FL15: =SUM(EU15,EY15,FC15,FG15,FK15) -> 7
A16: D'Ovidio | B16: Brook | C16: =AVERAGEIF($7:$7,"Goals",16:16) -> 0.30769231 | D16: =VALUE(AVERAGEIF($E$7:$ZZ$7,"Team Pts",$E16:$ZZ16)) -> 0.97435897 | E16: Blue | F16: =IF(OR(H$3="", H$4=""),"", IF(E16=E$3, IF(F$3=H$3, B$3, IF(F$3>H$3, B$2, B$4)), IF(E16=G$3, IF(H$3=F$3, B$3, IF(H$3>F$3, B$2, B$4)), IF(E16=E$4, IF(F$4=H$4, B$3, IF(F$4>H$4, B$2, B$4)), IF(E16=G$4, IF(H$4=F$4, B$3, IF(H$4>F$4, B$2, B$4)), ""))))) -> 3 | G16: 0 | H16: =SUM(F16,G16) -> 3 | I16: Jerseys | J16: =IF(OR(L$3="", L$4=""),"", IF(I16=I$3, IF(J$3=L$3, B$3, IF(J$3>L$3, B$2, B$4)), IF(I16=K$3, IF(L$3=J$3, B$3, IF(L$3>J$3, B$2, B$4)), IF(I16=I$4, IF(J$4=L$4, B$3, IF(J$4>L$4, B$2, B$4)), IF(I16=K$4, IF(L$4=J$4, B$3, IF(L$4>J$4, B$2, B$4)), ""))))) -> 0 | K16: 0 | L16: =SUM(J16,K16) -> 0 | M16: Yellow | N16: =IF(OR(P$3="", P$4=""),"", IF(M16=M$3, IF(N$3=P$3, B$3, IF(N$3>P$3, B$2, B$4)), IF(M16=O$3, IF(P$3=N$3, B$3, IF(P$3>N$3, B$2, B$4)), IF(M16=M$4, IF(N$4=P$4, B$3, IF(N$4>P$4, B$2, B$4)), IF(M16=O$4, IF(P$4=N$4, B$3, IF(P$4>N$4, B$2, B$4)), ""))))) -> 3 | O16: 1 | P16: =SUM(N16,O16) -> 4 | Q16: Pink | R16: =IF(OR(T$3="", T$4=""),"", IF(Q16=Q$3, IF(R$3=T$3, B$3, IF(R$3>T$3, B$2, B$4)), IF(Q16=S$3, IF(T$3=R$3, B$3, IF(T$3>R$3, B$2, B$4)), IF(Q16=Q$4, IF(R$4=T$4, B$3, IF(R$4>T$4, B$2, B$4)), IF(Q16=S$4, IF(T$4=R$4, B$3, IF(T$4>R$4, B$2, B$4)), ""))))) -> 0 | S16: 0 | T16: =SUM(R16,S16) -> 0 | U16: Blue | V16: =IF(OR(X$3="", X$4=""),"", IF(U16=U$3, IF(V$3=X$3, B$3, IF(V$3>X$3, B$2, B$4)), IF(U16=W$3, IF(X$3=V$3, B$3, IF(X$3>V$3, B$2, B$4)), IF(U16=U$4, IF(V$4=X$4, B$3, IF(V$4>X$4, B$2, B$4)), IF(U16=W$4, IF(X$4=V$4, B$3, IF(X$4>V$4, B$2, B$4)), ""))))) -> 0 | W16: 0 | X16: =SUM(V16,W16) -> 0 | Y16: =SUM(H16,L16,P16,T16,X16) -> 7 | Z16: Yellow | AA16: =IF(Z16="Out", VALUE($D16), IF(OR(AC$3="", AC$4=""),"", IF(Z16=Z$3, IF(AA$3=AC$3, $B$3, IF(AA$3>AC$3, $B$2, $B$4)), IF(Z16=AB$3, IF(AC$3=AA$3, $B$3, IF(AC$3>AA$3, $B$2, $B$4)), IF(Z16=Z$4, IF(AA$4=AC$4, $B$3, IF(AA$4>AC$4, $B$2, $B$4)), IF(Z16=AB$4, IF(AC$4=AA$4, $B$3, IF(AC$4>AA$4, $B$2, $B$4)), "")))))) -> 0 | AB16: 0 | AC16: =SUM(AA16,AB16) -> 0 | AD16: Pink | AE16: =IF(AD16="Out", VALUE($D16), IF(OR(AG$3="", AG$4=""),"", IF(AD16=AD$3, IF(AE$3=AG$3, $B$3, IF(AE$3>AG$3, $B$2, $B$4)), IF(AD16=AF$3, IF(AG$3=AE$3, $B$3, IF(AG$3>AE$3, $B$2, $B$4)), IF(AD16=AD$4, IF(AE$4=AG$4, $B$3, IF(AE$4>AG$4, $B$2, $B$4)), IF(AD16=AF$4, IF(AG$4=AE$4, $B$3, IF(AG$4>AE$4, $B$2, $B$4)), "")))))) -> 3 | AF16: 0 | AG16: =SUM(AE16,AF16) -> 3 | AH16: Jerseys | AI16: =IF(OR(AK$3="", AK$4=""),"", IF(AH16=AH$3, IF(AI$3=AK$3, $B$3, IF(AI$3>AK$3, $B$2, $B$4)), IF(AH16=AJ$3, IF(AK$3=AI$3, $B$3, IF(AK$3>AI$3, $B$2, $B$4)), IF(AH16=AH$4, IF(AI$4=AK$4, $B$3, IF(AI$4>AK$4, $B$2, $B$4)), IF(AH16=AJ$4, IF(AK$4=AI$4, $B$3, IF(AK$4>AI$4, $B$2, $B$4)), ""))))) -> 3 | AJ16: 0 | AK16: =SUM(AI16,AJ16) -> 3 | AL16: Jerseys | AM16: =IF(OR(AO$3="", AO$4=""),"", IF(AL16=AL$3, IF(AM$3=AO$3, $B$3, IF(AM$3>AO$3, $B$2, $B$4)), IF(AL16=AN$3, IF(AO$3=AM$3, $B$3, IF(AO$3>AM$3, $B$2, $B$4)), IF(AL16=AL$4, IF(AM$4=AO$4, $B$3, IF(AM$4>AO$4, $B$2, $B$4)), IF(AL16=AN$4, IF(AO$4=AM$4, $B$3, IF(AO$4>AM$4, $B$2, $B$4)), ""))))) -> 1 | AN16: 0 | AO16: =SUM(AM16,AN16) -> 1 | AP16: Jerseys | AQ16: =IF(OR(AS$3="", AS$4=""),"", IF(AP16=AP$3, IF(AQ$3=AS$3, $B$3, IF(AQ$3>AS$3, $B$2, $B$4)), IF(AP16=AR$3, IF(AS$3=AQ$3, $B$3, IF(AS$3>AQ$3, $B$2, $B$4)), IF(AP16=AP$4, IF(AQ$4=AS$4, $B$3, IF(AQ$4>AS$4, $B$2, $B$4)), IF(AP16=AR$4, IF(AS$4=AQ$4, $B$3, IF(AS$4>AQ$4, $B$2, $B$4)), ""))))) -> 0 | AR16: 1 | AS16: =SUM(AQ16,AR16) -> 1 | AT16: =SUM(AC16,AG16,AK16,AO16,AS16) -> 8 | AU16: Pink | AV16: =IF(AU16="Out", VALUE($D16), IF(OR(AX$3="", AX$4=""),"", IF(AU16=AU$3, IF(AV$3=AX$3, $B$3, IF(AV$3>AX$3, $B$2, $B$4)), IF(AU16=AW$3, IF(AX$3=AV$3, $B$3, IF(AX$3>AV$3, $B$2, $B$4)), IF(AU16=AU$4, IF(AV$4=AX$4, $B$3, IF(AV$4>AX$4, $B$2, $B$4)), IF(AU16=AW$4, IF(AX$4=AV$4, $B$3, IF(AX$4>AV$4, $B$2, $B$4)), "")))))) -> 0 | AW16: 0 | AX16: =SUM(AV16,AW16) -> 0 | AY16: Blue | AZ16: =IF(AY16="Out", VALUE($D16), IF(OR(BB$3="", BB$4=""),"", IF(AY16=AY$3, IF(AZ$3=BB$3, $B$3, IF(AZ$3>BB$3, $B$2, $B$4)), IF(AY16=BA$3, IF(BB$3=AZ$3, $B$3, IF(BB$3>AZ$3, $B$2, $B$4)), IF(AY16=AY$4, IF(AZ$4=BB$4, $B$3, IF(AZ$4>BB$4, $B$2, $B$4)), IF(AY16=BA$4, IF(BB$4=AZ$4, $B$3, IF(BB$4>AZ$4, $B$2, $B$4)), "")))))) -> 1 | BA16: 1 | BB16: =SUM(AZ16,BA16) -> 2 | BC16: Jerseys | BD16: =IF(BC16="Out", VALUE($D16), IF(OR(BF$3="", BF$4=""),"", IF(BC16=BC$3, IF(BD$3=BF$3, $B$3, IF(BD$3>BF$3, $B$2, $B$4)), IF(BC16=BE$3, IF(BF$3=BD$3, $B$3, IF(BF$3>BD$3, $B$2, $B$4)), IF(BC16=BC$4, IF(BD$4=BF$4, $B$3, IF(BD$4>BF$4, $B$2, $B$4)), IF(BC16=BE$4, IF(BF$4=BD$4, $B$3, IF(BF$4>BD$4, $B$2, $B$4)), "")))))) -> 1 | BE16: 0 | BF16: =SUM(BD16,BE16) -> 1 | BG16: Jerseys | BH16: =IF(BG16="Out", VALUE($D16), IF(OR(BJ$3="", BJ$4=""),"", IF(BG16=BG$3, IF(BH$3=BJ$3, $B$3, IF(BH$3>BJ$3, $B$2, $B$4)), IF(BG16=BI$3, IF(BJ$3=BH$3, $B$3, IF(BJ$3>BH$3, $B$2, $B$4)), IF(BG16=BG$4, IF(BH$4=BJ$4, $B$3, IF(BH$4>BJ$4, $B$2, $B$4)), IF(BG16=BI$4, IF(BJ$4=BH$4, $B$3, IF(BJ$4>BH$4, $B$2, $B$4)), "")))))) -> 0 | BI16: 0 | BJ16: =SUM(BH16,BI16) -> 0 | BK16: Blue | BL16: =IF(BK16="Out", VALUE($D16), IF(OR(BN$3="", BN$4=""),"", IF(BK16=BK$3, IF(BL$3=BN$3, $B$3, IF(BL$3>BN$3, $B$2, $B$4)), IF(BK16=BM$3, IF(BN$3=BL$3, $B$3, IF(BN$3>BL$3, $B$2, $B$4)), IF(BK16=BK$4, IF(BL$4=BN$4, $B$3, IF(BL$4>BN$4, $B$2, $B$4)), IF(BK16=BM$4, IF(BN$4=BL$4, $B$3, IF(BN$4>BL$4, $B$2, $B$4)), "")))))) -> 0 | BM16: 0 | BN16: =SUM(BL16,BM16) -> 0 | BO16: =SUM(AX16,BB16,BF16,BJ16,BN16) -> 3 | BP16: Yellow | BQ16: =IF(BP16="Out", VALUE($D16), IF(OR(BS$3="", BS$4=""),"", IF(BP16=BP$3, IF(BQ$3=BS$3, $B$3, IF(BQ$3>BS$3, $B$2, $B$4)), IF(BP16=BR$3, IF(BS$3=BQ$3, $B$3, IF(BS$3>BQ$3, $B$2, $B$4)), IF(BP16=BP$4, IF(BQ$4=BS$4, $B$3, IF(BQ$4>BS$4, $B$2, $B$4)), IF(BP16=BR$4, IF(BS$4=BQ$4, $B$3, IF(BS$4>BQ$4, $B$2, $B$4)), "")))))) -> 3 | BR16: 1 | BS16: =SUM(BQ16,BR16) -> 4 | BT16: Pink | BU16: =IF(BT16="Out", VALUE($D16), IF(OR(BW$3="", BW$4=""),"", IF(BT16=BT$3, IF(BU$3=BW$3, $B$3, IF(BU$3>BW$3, $B$2, $B$4)), IF(BT16=BV$3, IF(BW$3=BU$3, $B$3, IF(BW$3>BU$3, $B$2, $B$4)), IF(BT16=BT$4, IF(BU$4=BW$4, $B$3, IF(BU$4>BW$4, $B$2, $B$4)), IF(BT16=BV$4, IF(BW$4=BU$4, $B$3, IF(BW$4>BU$4, $B$2, $B$4)), "")))))) -> 3 | BV16: 1 | BW16: =SUM(BU16,BV16) -> 4 | BX16: Jerseys | BY16: =IF(BX16="Out", VALUE($D16), IF(OR(CA$3="", CA$4=""),"", IF(BX16=BX$3, IF(BY$3=CA$3, $B$3, IF(BY$3>CA$3, $B$2, $B$4)), IF(BX16=BZ$3, IF(CA$3=BY$3, $B$3, IF(CA$3>BY$3, $B$2, $B$4)), IF(BX16=BX$4, IF(BY$4=CA$4, $B$3, IF(BY$4>CA$4, $B$2, $B$4)), IF(BX16=BZ$4, IF(CA$4=BY$4, $B$3, IF(CA$4>BY$4, $B$2, $B$4)), "")))))) -> 3 | BZ16: 1 | CA16: =SUM(BY16,BZ16) -> 4 | CB16: Yellow | CC16: =IF(CB16="Out", VALUE($D16), IF(OR(CE$3="", CE$4=""),"", IF(CB16=CB$3, IF(CC$3=CE$3, $B$3, IF(CC$3>CE$3, $B$2, $B$4)), IF(CB16=CD$3, IF(CE$3=CC$3, $B$3, IF(CE$3>CC$3, $B$2, $B$4)), IF(CB16=CB$4, IF(CC$4=CE$4, $B$3, IF(CC$4>CE$4, $B$2, $B$4)), IF(CB16=CD$4, IF(CE$4=CC$4, $B$3, IF(CE$4>CC$4, $B$2, $B$4)), "")))))) -> 0 | CD16: 0 | CE16: =SUM(CC16,CD16) -> 0 | CF16: Blue | CG16: =IF(CF16="Out", VALUE($D16), IF(OR(CI$3="", CI$4=""),"", IF(CF16=CF$3, IF(CG$3=CI$3, $B$3, IF(CG$3>CI$3, $B$2, $B$4)), IF(CF16=CH$3, IF(CI$3=CG$3, $B$3, IF(CI$3>CG$3, $B$2, $B$4)), IF(CF16=CF$4, IF(CG$4=CI$4, $B$3, IF(CG$4>CI$4, $B$2, $B$4)), IF(CF16=CH$4, IF(CI$4=CG$4, $B$3, IF(CI$4>CG$4, $B$2, $B$4)), "")))))) -> 0 | CH16: 0 | CI16: =SUM(CG16,CH16) -> 0 | CJ16: =SUM(BS16,BW16,CA16,CE16,CI16) -> 12 | CK16: Yellow | CL16: =IF(CK16="Out", VALUE($D16), IF(OR(CN$3="", CN$4=""),"", IF(CK16=CK$3, IF(CL$3=CN$3, $B$3, IF(CL$3>CN$3, $B$2, $B$4)), IF(CK16=CM$3, IF(CN$3=CL$3, $B$3, IF(CN$3>CL$3, $B$2, $B$4)), IF(CK16=CK$4, IF(CL$4=CN$4, $B$3, IF(CL$4>CN$4, $B$2, $B$4)), IF(CK16=CM$4, IF(CN$4=CL$4, $B$3, IF(CN$4>CL$4, $B$2, $B$4)), "")))))) -> 0 | CM16: 0 | CN16: =SUM(CL16,CM16) -> 0 | CO16: Pink | CP16: =IF(CO16="Out", VALUE($D16), IF(OR(CR$3="", CR$4=""),"", IF(CO16=CO$3, IF(CP$3=CR$3, $B$3, IF(CP$3>CR$3, $B$2, $B$4)), IF(CO16=CQ$3, IF(CR$3=CP$3, $B$3, IF(CR$3>CP$3, $B$2, $B$4)), IF(CO16=CO$4, IF(CP$4=CR$4, $B$3, IF(CP$4>CR$4, $B$2, $B$4)), IF(CO16=CQ$4, IF(CR$4=CP$4, $B$3, IF(CR$4>CP$4, $B$2, $B$4)), "")))))) -> 0 | CQ16: 0 | CR16: =SUM(CP16,CQ16) -> 0 | CS16: Blue | CT16: =IF(CS16="Out", VALUE($D16), IF(OR(CV$3="", CV$4=""),"", IF(CS16=CS$3, IF(CT$3=CV$3, $B$3, IF(CT$3>CV$3, $B$2, $B$4)), IF(CS16=CU$3, IF(CV$3=CT$3, $B$3, IF(CV$3>CT$3, $B$2, $B$4)), IF(CS16=CS$4, IF(CT$4=CV$4, $B$3, IF(CT$4>CV$4, $B$2, $B$4)), IF(CS16=CU$4, IF(CV$4=CT$4, $B$3, IF(CV$4>CT$4, $B$2, $B$4)), "")))))) -> 1 | CU16: 0 | CV16: =SUM(CT16,CU16) -> 1 | CW16: Jerseys | CX16: =IF(CW16="Out", VALUE($D16), IF(OR(CZ$3="", CZ$4=""),"", IF(CW16=CW$3, IF(CX$3=CZ$3, $B$3, IF(CX$3>CZ$3, $B$2, $B$4)), IF(CW16=CY$3, IF(CZ$3=CX$3, $B$3, IF(CZ$3>CX$3, $B$2, $B$4)), IF(CW16=CW$4, IF(CX$4=CZ$4, $B$3, IF(CX$4>CZ$4, $B$2, $B$4)), IF(CW16=CY$4, IF(CZ$4=CX$4, $B$3, IF(CZ$4>CX$4, $B$2, $B$4)), "")))))) -> 0 | CY16: 0 | CZ16: =SUM(CX16,CY16) -> 0 | DA16: Yellow | DB16: =IF(DA16="Out", VALUE($D16), IF(OR(DD$3="", DD$4=""),"", IF(DA16=DA$3, IF(DB$3=DD$3, $B$3, IF(DB$3>DD$3, $B$2, $B$4)), IF(DA16=DC$3, IF(DD$3=DB$3, $B$3, IF(DD$3>DB$3, $B$2, $B$4)), IF(DA16=DA$4, IF(DB$4=DD$4, $B$3, IF(DB$4>DD$4, $B$2, $B$4)), IF(DA16=DC$4, IF(DD$4=DB$4, $B$3, IF(DD$4>DB$4, $B$2, $B$4)), "")))))) -> 1 | DC16: 0 | DD16: =SUM(DB16,DC16) -> 1 | DE16: =SUM(CN16,CR16,CV16,CZ16,DD16) -> 2 | DF16: Yellow | DG16: =IF(DF16="Out", VALUE($D16), IF(OR(DI$3="", DI$4=""),"", IF(DF16=DF$3, IF(DG$3=DI$3, $B$3, IF(DG$3>DI$3, $B$2, $B$4)), IF(DF16=DH$3, IF(DI$3=DG$3, $B$3, IF(DI$3>DG$3, $B$2, $B$4)), IF(DF16=DF$4, IF(DG$4=DI$4, $B$3, IF(DG$4>DI$4, $B$2, $B$4)), IF(DF16=DH$4, IF(DI$4=DG$4, $B$3, IF(DI$4>DG$4, $B$2, $B$4)), "")))))) -> 0 | DH16: 1 | DI16: =SUM(DG16,DH16) -> 1 | DJ16: Yellow | DK16: =IF(DJ16="Out", VALUE($D16), IF(OR(DM$3="", DM$4=""),"", IF(DJ16=DJ$3, IF(DK$3=DM$3, $B$3, IF(DK$3>DM$3, $B$2, $B$4)), IF(DJ16=DL$3, IF(DM$3=DK$3, $B$3, IF(DM$3>DK$3, $B$2, $B$4)), IF(DJ16=DJ$4, IF(DK$4=DM$4, $B$3, IF(DK$4>DM$4, $B$2, $B$4)), IF(DJ16=DL$4, IF(DM$4=DK$4, $B$3, IF(DM$4>DK$4, $B$2, $B$4)), "")))))) -> 0 | DL16: 0 | DM16: =SUM(DK16,DL16) -> 0 | DN16: Pink | DO16: =IF(DN16="Out", VALUE($D16), IF(OR(DQ$3="", DQ$4=""),"", IF(DN16=DN$3, IF(DO$3=DQ$3, $B$3, IF(DO$3>DQ$3, $B$2, $B$4)), IF(DN16=DP$3, IF(DQ$3=DO$3, $B$3, IF(DQ$3>DO$3, $B$2, $B$4)), IF(DN16=DN$4, IF(DO$4=DQ$4, $B$3, IF(DO$4>DQ$4, $B$2, $B$4)), IF(DN16=DP$4, IF(DQ$4=DO$4, $B$3, IF(DQ$4>DO$4, $B$2, $B$4)), "")))))) -> 3 | DP16: 0 | DQ16: =SUM(DO16,DP16) -> 3 | DR16: Yellow | DS16: =IF(DR16="Out", VALUE($D16), IF(OR(DU$3="", DU$4=""),"", IF(DR16=DR$3, IF(DS$3=DU$3, $B$3, IF(DS$3>DU$3, $B$2, $B$4)), IF(DR16=DT$3, IF(DU$3=DS$3, $B$3, IF(DU$3>DS$3, $B$2, $B$4)), IF(DR16=DR$4, IF(DS$4=DU$4, $B$3, IF(DS$4>DU$4, $B$2, $B$4)), IF(DR16=DT$4, IF(DU$4=DS$4, $B$3, IF(DU$4>DS$4, $B$2, $B$4)), "")))))) -> 0 | DT16: 1 | DU16: =SUM(DS16,DT16) -> 1 | DV16: Jerseys | DW16: =IF(DV16="Out", VALUE($D16), IF(OR(DY$3="", DY$4=""),"", IF(DV16=DV$3, IF(DW$3=DY$3, $B$3, IF(DW$3>DY$3, $B$2, $B$4)), IF(DV16=DX$3, IF(DY$3=DW$3, $B$3, IF(DY$3>DW$3, $B$2, $B$4)), IF(DV16=DV$4, IF(DW$4=DY$4, $B$3, IF(DW$4>DY$4, $B$2, $B$4)), IF(DV16=DX$4, IF(DY$4=DW$4, $B$3, IF(DY$4>DW$4, $B$2, $B$4)), "")))))) -> 0 | DX16: 1 | DY16: =SUM(DW16,DX16) -> 1 | DZ16: =SUM(DI16,DM16,DQ16,DU16,DY16) -> 6 | EA16: Jerseys | EB16: =IF(EA16="Out", VALUE($D16), IF(OR(ED$3="", ED$4=""),"", IF(EA16=EA$3, IF(EB$3=ED$3, $B$3, IF(EB$3>ED$3, $B$2, $B$4)), IF(EA16=EC$3, IF(ED$3=EB$3, $B$3, IF(ED$3>EB$3, $B$2, $B$4)), IF(EA16=EA$4, IF(EB$4=ED$4, $B$3, IF(EB$4>ED$4, $B$2, $B$4)), IF(EA16=EC$4, IF(ED$4=EB$4, $B$3, IF(ED$4>EB$4, $B$2, $B$4)), "")))))) -> 1 | EC16: 0 | ED16: =SUM(EB16,EC16) -> 1 | EE16: Yellow | EF16: =IF(EE16="Out", VALUE($D16), IF(OR(EH$3="", EH$4=""),"", IF(EE16=EE$3, IF(EF$3=EH$3, $B$3, IF(EF$3>EH$3, $B$2, $B$4)), IF(EE16=EG$3, IF(EH$3=EF$3, $B$3, IF(EH$3>EF$3, $B$2, $B$4)), IF(EE16=EE$4, IF(EF$4=EH$4, $B$3, IF(EF$4>EH$4, $B$2, $B$4)), IF(EE16=EG$4, IF(EH$4=EF$4, $B$3, IF(EH$4>EF$4, $B$2, $B$4)), "")))))) -> 0 | EG16: 1 | EH16: =SUM(EF16,EG16) -> 1 | EI16: Pink | EJ16: =IF(EI16="Out", VALUE($D16), IF(OR(EL$3="", EL$4=""),"", IF(EI16=EI$3, IF(EJ$3=EL$3, $B$3, IF(EJ$3>EL$3, $B$2, $B$4)), IF(EI16=EK$3, IF(EL$3=EJ$3, $B$3, IF(EL$3>EJ$3, $B$2, $B$4)), IF(EI16=EI$4, IF(EJ$4=EL$4, $B$3, IF(EJ$4>EL$4, $B$2, $B$4)), IF(EI16=EK$4, IF(EL$4=EJ$4, $B$3, IF(EL$4>EJ$4, $B$2, $B$4)), "")))))) -> 3 | EK16: 0 | EL16: =SUM(EJ16,EK16) -> 3 | EM16: Jerseys | EN16: =IF(EM16="Out", VALUE($D16), IF(OR(EP$3="", EP$4=""),"", IF(EM16=EM$3, IF(EN$3=EP$3, $B$3, IF(EN$3>EP$3, $B$2, $B$4)), IF(EM16=EO$3, IF(EP$3=EN$3, $B$3, IF(EP$3>EN$3, $B$2, $B$4)), IF(EM16=EM$4, IF(EN$4=EP$4, $B$3, IF(EN$4>EP$4, $B$2, $B$4)), IF(EM16=EO$4, IF(EP$4=EN$4, $B$3, IF(EP$4>EN$4, $B$2, $B$4)), "")))))) -> 1 | EO16: 0 | EP16: =SUM(EN16,EO16) -> 1 | EQ16: Yellow | ER16: =IF(EQ16="Out", VALUE($D16), IF(OR(ET$3="", ET$4=""),"", IF(EQ16=EQ$3, IF(ER$3=ET$3, $B$3, IF(ER$3>ET$3, $B$2, $B$4)), IF(EQ16=ES$3, IF(ET$3=ER$3, $B$3, IF(ET$3>ER$3, $B$2, $B$4)), IF(EQ16=EQ$4, IF(ER$4=ET$4, $B$3, IF(ER$4>ET$4, $B$2, $B$4)), IF(EQ16=ES$4, IF(ET$4=ER$4, $B$3, IF(ET$4>ER$4, $B$2, $B$4)), "")))))) -> 0 | ES16: 0 | ET16: =SUM(ER16,ES16) -> 0 | EU16: =SUM(ED16,EH16,EL16,EP16,ET16) -> 6 | EV16: Jerseys | EW16: =IF(EV16="Out", VALUE($D16), IF(OR(EY$3="", EY$4=""),"", IF(EV16=EV$3, IF(EW$3=EY$3, $B$3, IF(EW$3>EY$3, $B$2, $B$4)), IF(EV16=EX$3, IF(EY$3=EW$3, $B$3, IF(EY$3>EW$3, $B$2, $B$4)), IF(EV16=EV$4, IF(EW$4=EY$4, $B$3, IF(EW$4>EY$4, $B$2, $B$4)), IF(EV16=EX$4, IF(EY$4=EW$4, $B$3, IF(EY$4>EW$4, $B$2, $B$4)), "")))))) -> 1 | EX16: 2 | EY16: =SUM(EW16,EX16) -> 3 | EZ16: Blue | FA16: =IF(EZ16="Out", VALUE($D16), IF(OR(FC$3="", FC$4=""),"", IF(EZ16=EZ$3, IF(FA$3=FC$3, $B$3, IF(FA$3>FC$3, $B$2, $B$4)), IF(EZ16=FB$3, IF(FC$3=FA$3, $B$3, IF(FC$3>FA$3, $B$2, $B$4)), IF(EZ16=EZ$4, IF(FA$4=FC$4, $B$3, IF(FA$4>FC$4, $B$2, $B$4)), IF(EZ16=FB$4, IF(FC$4=FA$4, $B$3, IF(FC$4>FA$4, $B$2, $B$4)), "")))))) -> 0 | FB16: 0 | FC16: =SUM(FA16,FB16) -> 0 | FD16: Jerseys | FE16: =IF(FD16="Out", VALUE($D16), IF(OR(FG$3="", FG$4=""),"", IF(FD16=FD$3, IF(FE$3=FG$3, $B$3, IF(FE$3>FG$3, $B$2, $B$4)), IF(FD16=FF$3, IF(FG$3=FE$3, $B$3, IF(FG$3>FE$3, $B$2, $B$4)), IF(FD16=FD$4, IF(FE$4=FG$4, $B$3, IF(FE$4>FG$4, $B$2, $B$4)), IF(FD16=FF$4, IF(FG$4=FE$4, $B$3, IF(FG$4>FE$4, $B$2, $B$4)), "")))))) -> 3 | FF16: 0 | FG16: =SUM(FE16,FF16) -> 3 | FH16: Pink | FI16: =IF(FH16="Out", VALUE($D16), IF(OR(FK$3="", FK$4=""),"", IF(FH16=FH$3, IF(FI$3=FK$3, $B$3, IF(FI$3>FK$3, $B$2, $B$4)), IF(FH16=FJ$3, IF(FK$3=FI$3, $B$3, IF(FK$3>FI$3, $B$2, $B$4)), IF(FH16=FH$4, IF(FI$4=FK$4, $B$3, IF(FI$4>FK$4, $B$2, $B$4)), IF(FH16=FJ$4, IF(FK$4=FI$4, $B$3, IF(FK$4>FI$4, $B$2, $B$4)), "")))))) -> 0 | FJ16: 0 | FK16: =SUM(FI16,FJ16) -> 0 | FL16: =SUM(EU16,EY16,FC16,FG16,FK16) -> 12
A17: Gates | B17: Megan | C17: =AVERAGEIF($7:$7,"Goals",17:17) -> 0.51282051 | D17: =VALUE(AVERAGEIF($E$7:$ZZ$7,"Team Pts",$E17:$ZZ17)) -> 1.4871795 | E17: Yellow | F17: =IF(OR(H$3="", H$4=""),"", IF(E17=E$3, IF(F$3=H$3, B$3, IF(F$3>H$3, B$2, B$4)), IF(E17=G$3, IF(H$3=F$3, B$3, IF(H$3>F$3, B$2, B$4)), IF(E17=E$4, IF(F$4=H$4, B$3, IF(F$4>H$4, B$2, B$4)), IF(E17=G$4, IF(H$4=F$4, B$3, IF(H$4>F$4, B$2, B$4)), ""))))) -> 3 | G17: 1 | H17: =SUM(F17,G17) -> 4 | I17: Jerseys | J17: =IF(OR(L$3="", L$4=""),"", IF(I17=I$3, IF(J$3=L$3, B$3, IF(J$3>L$3, B$2, B$4)), IF(I17=K$3, IF(L$3=J$3, B$3, IF(L$3>J$3, B$2, B$4)), IF(I17=I$4, IF(J$4=L$4, B$3, IF(J$4>L$4, B$2, B$4)), IF(I17=K$4, IF(L$4=J$4, B$3, IF(L$4>J$4, B$2, B$4)), ""))))) -> 0 | K17: 0 | L17: =SUM(J17,K17) -> 0 | M17: Yellow | N17: =IF(OR(P$3="", P$4=""),"", IF(M17=M$3, IF(N$3=P$3, B$3, IF(N$3>P$3, B$2, B$4)), IF(M17=O$3, IF(P$3=N$3, B$3, IF(P$3>N$3, B$2, B$4)), IF(M17=M$4, IF(N$4=P$4, B$3, IF(N$4>P$4, B$2, B$4)), IF(M17=O$4, IF(P$4=N$4, B$3, IF(P$4>N$4, B$2, B$4)), ""))))) -> 3 | O17: 0 | P17: =SUM(N17,O17) -> 3 | Q17: Pink | R17: =IF(OR(T$3="", T$4=""),"", IF(Q17=Q$3, IF(R$3=T$3, B$3, IF(R$3>T$3, B$2, B$4)), IF(Q17=S$3, IF(T$3=R$3, B$3, IF(T$3>R$3, B$2, B$4)), IF(Q17=Q$4, IF(R$4=T$4, B$3, IF(R$4>T$4, B$2, B$4)), IF(Q17=S$4, IF(T$4=R$4, B$3, IF(T$4>R$4, B$2, B$4)), ""))))) -> 0 | S17: 0 | T17: =SUM(R17,S17) -> 0 | U17: Pink | V17: =IF(OR(X$3="", X$4=""),"", IF(U17=U$3, IF(V$3=X$3, B$3, IF(V$3>X$3, B$2, B$4)), IF(U17=W$3, IF(X$3=V$3, B$3, IF(X$3>V$3, B$2, B$4)), IF(U17=U$4, IF(V$4=X$4, B$3, IF(V$4>X$4, B$2, B$4)), IF(U17=W$4, IF(X$4=V$4, B$3, IF(X$4>V$4, B$2, B$4)), ""))))) -> 3 | W17: 2 | X17: =SUM(V17,W17) -> 5 | Y17: =SUM(H17,L17,P17,T17,X17) -> 12 | Z17: Pink | AA17: =IF(Z17="Out", VALUE($D17), IF(OR(AC$3="", AC$4=""),"", IF(Z17=Z$3, IF(AA$3=AC$3, $B$3, IF(AA$3>AC$3, $B$2, $B$4)), IF(Z17=AB$3, IF(AC$3=AA$3, $B$3, IF(AC$3>AA$3, $B$2, $B$4)), IF(Z17=Z$4, IF(AA$4=AC$4, $B$3, IF(AA$4>AC$4, $B$2, $B$4)), IF(Z17=AB$4, IF(AC$4=AA$4, $B$3, IF(AC$4>AA$4, $B$2, $B$4)), "")))))) -> 0 | AB17: 1 | AC17: =SUM(AA17,AB17) -> 1 | AD17: Blue | AE17: =IF(AD17="Out", VALUE($D17), IF(OR(AG$3="", AG$4=""),"", IF(AD17=AD$3, IF(AE$3=AG$3, $B$3, IF(AE$3>AG$3, $B$2, $B$4)), IF(AD17=AF$3, IF(AG$3=AE$3, $B$3, IF(AG$3>AE$3, $B$2, $B$4)), IF(AD17=AD$4, IF(AE$4=AG$4, $B$3, IF(AE$4>AG$4, $B$2, $B$4)), IF(AD17=AF$4, IF(AG$4=AE$4, $B$3, IF(AG$4>AE$4, $B$2, $B$4)), "")))))) -> 0 | AF17: 0 | AG17: =SUM(AE17,AF17) -> 0 | AH17: Pink | AI17: =IF(OR(AK$3="", AK$4=""),"", IF(AH17=AH$3, IF(AI$3=AK$3, $B$3, IF(AI$3>AK$3, $B$2, $B$4)), IF(AH17=AJ$3, IF(AK$3=AI$3, $B$3, IF(AK$3>AI$3, $B$2, $B$4)), IF(AH17=AH$4, IF(AI$4=AK$4, $B$3, IF(AI$4>AK$4, $B$2, $B$4)), IF(AH17=AJ$4, IF(AK$4=AI$4, $B$3, IF(AK$4>AI$4, $B$2, $B$4)), ""))))) -> 1 | AJ17: 0 | AK17: =SUM(AI17,AJ17) -> 1 | AL17: Jerseys | AM17: =IF(OR(AO$3="", AO$4=""),"", IF(AL17=AL$3, IF(AM$3=AO$3, $B$3, IF(AM$3>AO$3, $B$2, $B$4)), IF(AL17=AN$3, IF(AO$3=AM$3, $B$3, IF(AO$3>AM$3, $B$2, $B$4)), IF(AL17=AL$4, IF(AM$4=AO$4, $B$3, IF(AM$4>AO$4, $B$2, $B$4)), IF(AL17=AN$4, IF(AO$4=AM$4, $B$3, IF(AO$4>AM$4, $B$2, $B$4)), ""))))) -> 1 | AN17: 0 | AO17: =SUM(AM17,AN17) -> 1 | AP17: Jerseys | AQ17: =IF(OR(AS$3="", AS$4=""),"", IF(AP17=AP$3, IF(AQ$3=AS$3, $B$3, IF(AQ$3>AS$3, $B$2, $B$4)), IF(AP17=AR$3, IF(AS$3=AQ$3, $B$3, IF(AS$3>AQ$3, $B$2, $B$4)), IF(AP17=AP$4, IF(AQ$4=AS$4, $B$3, IF(AQ$4>AS$4, $B$2, $B$4)), IF(AP17=AR$4, IF(AS$4=AQ$4, $B$3, IF(AS$4>AQ$4, $B$2, $B$4)), ""))))) -> 0 | AR17: 0 | AS17: =SUM(AQ17,AR17) -> 0 | AT17: =SUM(AC17,AG17,AK17,AO17,AS17) -> 3 | AU17: Pink | AV17: =IF(AU17="Out", VALUE($D17), IF(OR(AX$3="", AX$4=""),"", IF(AU17=AU$3, IF(AV$3=AX$3, $B$3, IF(AV$3>AX$3, $B$2, $B$4)), IF(AU17=AW$3, IF(AX$3=AV$3, $B$3, IF(AX$3>AV$3, $B$2, $B$4)), IF(AU17=AU$4, IF(AV$4=AX$4, $B$3, IF(AV$4>AX$4, $B$2, $B$4)), IF(AU17=AW$4, IF(AX$4=AV$4, $B$3, IF(AX$4>AV$4, $B$2, $B$4)), "")))))) -> 0 | AW17: 0 | AX17: =SUM(AV17,AW17) -> 0 | AY17: Pink | AZ17: =IF(AY17="Out", VALUE($D17), IF(OR(BB$3="", BB$4=""),"", IF(AY17=AY$3, IF(AZ$3=BB$3, $B$3, IF(AZ$3>BB$3, $B$2, $B$4)), IF(AY17=BA$3, IF(BB$3=AZ$3, $B$3, IF(BB$3>AZ$3, $B$2, $B$4)), IF(AY17=AY$4, IF(AZ$4=BB$4, $B$3, IF(AZ$4>BB$4, $B$2, $B$4)), IF(AY17=BA$4, IF(BB$4=AZ$4, $B$3, IF(BB$4>AZ$4, $B$2, $B$4)), "")))))) -> 1 | BA17: 0 | BB17: =SUM(AZ17,BA17) -> 1 | BC17: Pink | BD17: =IF(BC17="Out", VALUE($D17), IF(OR(BF$3="", BF$4=""),"", IF(BC17=BC$3, IF(BD$3=BF$3, $B$3, IF(BD$3>BF$3, $B$2, $B$4)), IF(BC17=BE$3, IF(BF$3=BD$3, $B$3, IF(BF$3>BD$3, $B$2, $B$4)), IF(BC17=BC$4, IF(BD$4=BF$4, $B$3, IF(BD$4>BF$4, $B$2, $B$4)), IF(BC17=BE$4, IF(BF$4=BD$4, $B$3, IF(BF$4>BD$4, $B$2, $B$4)), "")))))) -> 3 | BE17: 0 | BF17: =SUM(BD17,BE17) -> 3 | BG17: Pink | BH17: =IF(BG17="Out", VALUE($D17), IF(OR(BJ$3="", BJ$4=""),"", IF(BG17=BG$3, IF(BH$3=BJ$3, $B$3, IF(BH$3>BJ$3, $B$2, $B$4)), IF(BG17=BI$3, IF(BJ$3=BH$3, $B$3, IF(BJ$3>BH$3, $B$2, $B$4)), IF(BG17=BG$4, IF(BH$4=BJ$4, $B$3, IF(BH$4>BJ$4, $B$2, $B$4)), IF(BG17=BI$4, IF(BJ$4=BH$4, $B$3, IF(BJ$4>BH$4, $B$2, $B$4)), "")))))) -> 3 | BI17: 0 | BJ17: =SUM(BH17,BI17) -> 3 | BK17: Jerseys | BL17: =IF(BK17="Out", VALUE($D17), IF(OR(BN$3="", BN$4=""),"", IF(BK17=BK$3, IF(BL$3=BN$3, $B$3, IF(BL$3>BN$3, $B$2, $B$4)), IF(BK17=BM$3, IF(BN$3=BL$3, $B$3, IF(BN$3>BL$3, $B$2, $B$4)), IF(BK17=BK$4, IF(BL$4=BN$4, $B$3, IF(BL$4>BN$4, $B$2, $B$4)), IF(BK17=BM$4, IF(BN$4=BL$4, $B$3, IF(BN$4>BL$4, $B$2, $B$4)), "")))))) -> 3 | BM17: 2 | BN17: =SUM(BL17,BM17) -> 5 | BO17: =SUM(AX17,BB17,BF17,BJ17,BN17) -> 12 | BP17: Yellow | BQ17: =IF(BP17="Out", VALUE($D17), IF(OR(BS$3="", BS$4=""),"", IF(BP17=BP$3, IF(BQ$3=BS$3, $B$3, IF(BQ$3>BS$3, $B$2, $B$4)), IF(BP17=BR$3, IF(BS$3=BQ$3, $B$3, IF(BS$3>BQ$3, $B$2, $B$4)), IF(BP17=BP$4, IF(BQ$4=BS$4, $B$3, IF(BQ$4>BS$4, $B$2, $B$4)), IF(BP17=BR$4, IF(BS$4=BQ$4, $B$3, IF(BS$4>BQ$4, $B$2, $B$4)), "")))))) -> 3 | BR17: 0 | BS17: =SUM(BQ17,BR17) -> 3 | BT17: Blue | BU17: =IF(BT17="Out", VALUE($D17), IF(OR(BW$3="", BW$4=""),"", IF(BT17=BT$3, IF(BU$3=BW$3, $B$3, IF(BU$3>BW$3, $B$2, $B$4)), IF(BT17=BV$3, IF(BW$3=BU$3, $B$3, IF(BW$3>BU$3, $B$2, $B$4)), IF(BT17=BT$4, IF(BU$4=BW$4, $B$3, IF(BU$4>BW$4, $B$2, $B$4)), IF(BT17=BV$4, IF(BW$4=BU$4, $B$3, IF(BW$4>BU$4, $B$2, $B$4)), "")))))) -> 0 | BV17: 1 | BW17: =SUM(BU17,BV17) -> 1 | BX17: Yellow | BY17: =IF(BX17="Out", VALUE($D17), IF(OR(CA$3="", CA$4=""),"", IF(BX17=BX$3, IF(BY$3=CA$3, $B$3, IF(BY$3>CA$3, $B$2, $B$4)), IF(BX17=BZ$3, IF(CA$3=BY$3, $B$3, IF(CA$3>BY$3, $B$2, $B$4)), IF(BX17=BX$4, IF(BY$4=CA$4, $B$3, IF(BY$4>CA$4, $B$2, $B$4)), IF(BX17=BZ$4, IF(CA$4=BY$4, $B$3, IF(CA$4>BY$4, $B$2, $B$4)), "")))))) -> 0 | BZ17: 0 | CA17: =SUM(BY17,BZ17) -> 0 | CB17: Pink | CC17: =IF(CB17="Out", VALUE($D17), IF(OR(CE$3="", CE$4=""),"", IF(CB17=CB$3, IF(CC$3=CE$3, $B$3, IF(CC$3>CE$3, $B$2, $B$4)), IF(CB17=CD$3, IF(CE$3=CC$3, $B$3, IF(CE$3>CC$3, $B$2, $B$4)), IF(CB17=CB$4, IF(CC$4=CE$4, $B$3, IF(CC$4>CE$4, $B$2, $B$4)), IF(CB17=CD$4, IF(CE$4=CC$4, $B$3, IF(CE$4>CC$4, $B$2, $B$4)), "")))))) -> 3 | CD17: 1 | CE17: =SUM(CC17,CD17) -> 4 | CF17: Jerseys | CG17: =IF(CF17="Out", VALUE($D17), IF(OR(CI$3="", CI$4=""),"", IF(CF17=CF$3, IF(CG$3=CI$3, $B$3, IF(CG$3>CI$3, $B$2, $B$4)), IF(CF17=CH$3, IF(CI$3=CG$3, $B$3, IF(CI$3>CG$3, $B$2, $B$4)), IF(CF17=CF$4, IF(CG$4=CI$4, $B$3, IF(CG$4>CI$4, $B$2, $B$4)), IF(CF17=CH$4, IF(CI$4=CG$4, $B$3, IF(CI$4>CG$4, $B$2, $B$4)), "")))))) -> 3 | CH17: 0 | CI17: =SUM(CG17,CH17) -> 3 | CJ17: =SUM(BS17,BW17,CA17,CE17,CI17) -> 11 | CK17: Pink | CL17: =IF(CK17="Out", VALUE($D17), IF(OR(CN$3="", CN$4=""),"", IF(CK17=CK$3, IF(CL$3=CN$3, $B$3, IF(CL$3>CN$3, $B$2, $B$4)), IF(CK17=CM$3, IF(CN$3=CL$3, $B$3, IF(CN$3>CL$3, $B$2, $B$4)), IF(CK17=CK$4, IF(CL$4=CN$4, $B$3, IF(CL$4>CN$4, $B$2, $B$4)), IF(CK17=CM$4, IF(CN$4=CL$4, $B$3, IF(CN$4>CL$4, $B$2, $B$4)), "")))))) -> 0 | CM17: 0 | CN17: =SUM(CL17,CM17) -> 0 | CO17: Pink | CP17: =IF(CO17="Out", VALUE($D17), IF(OR(CR$3="", CR$4=""),"", IF(CO17=CO$3, IF(CP$3=CR$3, $B$3, IF(CP$3>CR$3, $B$2, $B$4)), IF(CO17=CQ$3, IF(CR$3=CP$3, $B$3, IF(CR$3>CP$3, $B$2, $B$4)), IF(CO17=CO$4, IF(CP$4=CR$4, $B$3, IF(CP$4>CR$4, $B$2, $B$4)), IF(CO17=CQ$4, IF(CR$4=CP$4, $B$3, IF(CR$4>CP$4, $B$2, $B$4)), "")))))) -> 0 | CQ17: 0 | CR17: =SUM(CP17,CQ17) -> 0 | CS17: Yellow | CT17: =IF(CS17="Out", VALUE($D17), IF(OR(CV$3="", CV$4=""),"", IF(CS17=CS$3, IF(CT$3=CV$3, $B$3, IF(CT$3>CV$3, $B$2, $B$4)), IF(CS17=CU$3, IF(CV$3=CT$3, $B$3, IF(CV$3>CT$3, $B$2, $B$4)), IF(CS17=CS$4, IF(CT$4=CV$4, $B$3, IF(CT$4>CV$4, $B$2, $B$4)), IF(CS17=CU$4, IF(CV$4=CT$4, $B$3, IF(CV$4>CT$4, $B$2, $B$4)), "")))))) -> 0 | CU17: 0 | CV17: =SUM(CT17,CU17) -> 0 | CW17: Jerseys | CX17: =IF(CW17="Out", VALUE($D17), IF(OR(CZ$3="", CZ$4=""),"", IF(CW17=CW$3, IF(CX$3=CZ$3, $B$3, IF(CX$3>CZ$3, $B$2, $B$4)), IF(CW17=CY$3, IF(CZ$3=CX$3, $B$3, IF(CZ$3>CX$3, $B$2, $B$4)), IF(CW17=CW$4, IF(CX$4=CZ$4, $B$3, IF(CX$4>CZ$4, $B$2, $B$4)), IF(CW17=CY$4, IF(CZ$4=CX$4, $B$3, IF(CZ$4>CX$4, $B$2, $B$4)), "")))))) -> 0 | CY17: 1 | CZ17: =SUM(CX17,CY17) -> 1 | DA17: Yellow | DB17: =IF(DA17="Out", VALUE($D17), IF(OR(DD$3="", DD$4=""),"", IF(DA17=DA$3, IF(DB$3=DD$3, $B$3, IF(DB$3>DD$3, $B$2, $B$4)), IF(DA17=DC$3, IF(DD$3=DB$3, $B$3, IF(DD$3>DB$3, $B$2, $B$4)), IF(DA17=DA$4, IF(DB$4=DD$4, $B$3, IF(DB$4>DD$4, $B$2, $B$4)), IF(DA17=DC$4, IF(DD$4=DB$4, $B$3, IF(DD$4>DB$4, $B$2, $B$4)), "")))))) -> 1 | DC17: 0 | DD17: =SUM(DB17,DC17) -> 1 | DE17: =SUM(CN17,CR17,CV17,CZ17,DD17) -> 2 | DF17: Pink | DG17: =IF(DF17="Out", VALUE($D17), IF(OR(DI$3="", DI$4=""),"", IF(DF17=DF$3, IF(DG$3=DI$3, $B$3, IF(DG$3>DI$3, $B$2, $B$4)), IF(DF17=DH$3, IF(DI$3=DG$3, $B$3, IF(DI$3>DG$3, $B$2, $B$4)), IF(DF17=DF$4, IF(DG$4=DI$4, $B$3, IF(DG$4>DI$4, $B$2, $B$4)), IF(DF17=DH$4, IF(DI$4=DG$4, $B$3, IF(DI$4>DG$4, $B$2, $B$4)), "")))))) -> 0 | DH17: 1 | DI17: =SUM(DG17,DH17) -> 1 | DJ17: Jerseys | DK17: =IF(DJ17="Out", VALUE($D17), IF(OR(DM$3="", DM$4=""),"", IF(DJ17=DJ$3, IF(DK$3=DM$3, $B$3, IF(DK$3>DM$3, $B$2, $B$4)), IF(DJ17=DL$3, IF(DM$3=DK$3, $B$3, IF(DM$3>DK$3, $B$2, $B$4)), IF(DJ17=DJ$4, IF(DK$4=DM$4, $B$3, IF(DK$4>DM$4, $B$2, $B$4)), IF(DJ17=DL$4, IF(DM$4=DK$4, $B$3, IF(DM$4>DK$4, $B$2, $B$4)), "")))))) -> 3 | DL17: 1 | DM17: =SUM(DK17,DL17) -> 4 | DN17: Yellow | DO17: =IF(DN17="Out", VALUE($D17), IF(OR(DQ$3="", DQ$4=""),"", IF(DN17=DN$3, IF(DO$3=DQ$3, $B$3, IF(DO$3>DQ$3, $B$2, $B$4)), IF(DN17=DP$3, IF(DQ$3=DO$3, $B$3, IF(DQ$3>DO$3, $B$2, $B$4)), IF(DN17=DN$4, IF(DO$4=DQ$4, $B$3, IF(DO$4>DQ$4, $B$2, $B$4)), IF(DN17=DP$4, IF(DQ$4=DO$4, $B$3, IF(DQ$4>DO$4, $B$2, $B$4)), "")))))) -> 3 | DP17: 1 | DQ17: =SUM(DO17,DP17) -> 4 | DR17: Pink | DS17: =IF(DR17="Out", VALUE($D17), IF(OR(DU$3="", DU$4=""),"", IF(DR17=DR$3, IF(DS$3=DU$3, $B$3, IF(DS$3>DU$3, $B$2, $B$4)), IF(DR17=DT$3, IF(DU$3=DS$3, $B$3, IF(DU$3>DS$3, $B$2, $B$4)), IF(DR17=DR$4, IF(DS$4=DU$4, $B$3, IF(DS$4>DU$4, $B$2, $B$4)), IF(DR17=DT$4, IF(DU$4=DS$4, $B$3, IF(DU$4>DS$4, $B$2, $B$4)), "")))))) -> 3 | DT17: 0 | DU17: =SUM(DS17,DT17) -> 3 | DV17: Jerseys | DW17: =IF(DV17="Out", VALUE($D17), IF(OR(DY$3="", DY$4=""),"", IF(DV17=DV$3, IF(DW$3=DY$3, $B$3, IF(DW$3>DY$3, $B$2, $B$4)), IF(DV17=DX$3, IF(DY$3=DW$3, $B$3, IF(DY$3>DW$3, $B$2, $B$4)), IF(DV17=DV$4, IF(DW$4=DY$4, $B$3, IF(DW$4>DY$4, $B$2, $B$4)), IF(DV17=DX$4, IF(DY$4=DW$4, $B$3, IF(DY$4>DW$4, $B$2, $B$4)), "")))))) -> 0 | DX17: 1 | DY17: =SUM(DW17,DX17) -> 1 | DZ17: =SUM(DI17,DM17,DQ17,DU17,DY17) -> 13 | EA17: Pink | EB17: =IF(EA17="Out", VALUE($D17), IF(OR(ED$3="", ED$4=""),"", IF(EA17=EA$3, IF(EB$3=ED$3, $B$3, IF(EB$3>ED$3, $B$2, $B$4)), IF(EA17=EC$3, IF(ED$3=EB$3, $B$3, IF(ED$3>EB$3, $B$2, $B$4)), IF(EA17=EA$4, IF(EB$4=ED$4, $B$3, IF(EB$4>ED$4, $B$2, $B$4)), IF(EA17=EC$4, IF(ED$4=EB$4, $B$3, IF(ED$4>EB$4, $B$2, $B$4)), "")))))) -> 1 | EC17: 1 | ED17: =SUM(EB17,EC17) -> 2 | EE17: Jerseys | EF17: =IF(EE17="Out", VALUE($D17), IF(OR(EH$3="", EH$4=""),"", IF(EE17=EE$3, IF(EF$3=EH$3, $B$3, IF(EF$3>EH$3, $B$2, $B$4)), IF(EE17=EG$3, IF(EH$3=EF$3, $B$3, IF(EH$3>EF$3, $B$2, $B$4)), IF(EE17=EE$4, IF(EF$4=EH$4, $B$3, IF(EF$4>EH$4, $B$2, $B$4)), IF(EE17=EG$4, IF(EH$4=EF$4, $B$3, IF(EH$4>EF$4, $B$2, $B$4)), "")))))) -> 3 | EG17: 0 | EH17: =SUM(EF17,EG17) -> 3 | EI17: Blue | EJ17: =IF(EI17="Out", VALUE($D17), IF(OR(EL$3="", EL$4=""),"", IF(EI17=EI$3, IF(EJ$3=EL$3, $B$3, IF(EJ$3>EL$3, $B$2, $B$4)), IF(EI17=EK$3, IF(EL$3=EJ$3, $B$3, IF(EL$3>EJ$3, $B$2, $B$4)), IF(EI17=EI$4, IF(EJ$4=EL$4, $B$3, IF(EJ$4>EL$4, $B$2, $B$4)), IF(EI17=EK$4, IF(EL$4=EJ$4, $B$3, IF(EL$4>EJ$4, $B$2, $B$4)), "")))))) -> 0 | EK17: 0 | EL17: =SUM(EJ17,EK17) -> 0 | EM17: Blue | EN17: =IF(EM17="Out", VALUE($D17), IF(OR(EP$3="", EP$4=""),"", IF(EM17=EM$3, IF(EN$3=EP$3, $B$3, IF(EN$3>EP$3, $B$2, $B$4)), IF(EM17=EO$3, IF(EP$3=EN$3, $B$3, IF(EP$3>EN$3, $B$2, $B$4)), IF(EM17=EM$4, IF(EN$4=EP$4, $B$3, IF(EN$4>EP$4, $B$2, $B$4)), IF(EM17=EO$4, IF(EP$4=EN$4, $B$3, IF(EP$4>EN$4, $B$2, $B$4)), "")))))) -> 3 | EO17: 1 | EP17: =SUM(EN17,EO17) -> 4 | EQ17: Jerseys | ER17: =IF(EQ17="Out", VALUE($D17), IF(OR(ET$3="", ET$4=""),"", IF(EQ17=EQ$3, IF(ER$3=ET$3, $B$3, IF(ER$3>ET$3, $B$2, $B$4)), IF(EQ17=ES$3, IF(ET$3=ER$3, $B$3, IF(ET$3>ER$3, $B$2, $B$4)), IF(EQ17=EQ$4, IF(ER$4=ET$4, $B$3, IF(ER$4>ET$4, $B$2, $B$4)), IF(EQ17=ES$4, IF(ET$4=ER$4, $B$3, IF(ET$4>ER$4, $B$2, $B$4)), "")))))) -> 3 | ES17: 1 | ET17: =SUM(ER17,ES17) -> 4 | EU17: =SUM(ED17,EH17,EL17,EP17,ET17) -> 13 | EV17: Jerseys | EW17: =IF(EV17="Out", VALUE($D17), IF(OR(EY$3="", EY$4=""),"", IF(EV17=EV$3, IF(EW$3=EY$3, $B$3, IF(EW$3>EY$3, $B$2, $B$4)), IF(EV17=EX$3, IF(EY$3=EW$3, $B$3, IF(EY$3>EW$3, $B$2, $B$4)), IF(EV17=EV$4, IF(EW$4=EY$4, $B$3, IF(EW$4>EY$4, $B$2, $B$4)), IF(EV17=EX$4, IF(EY$4=EW$4, $B$3, IF(EY$4>EW$4, $B$2, $B$4)), "")))))) -> 1 | EX17: 1 | EY17: =SUM(EW17,EX17) -> 2 | EZ17: Pink | FA17: =IF(EZ17="Out", VALUE($D17), IF(OR(FC$3="", FC$4=""),"", IF(EZ17=EZ$3, IF(FA$3=FC$3, $B$3, IF(FA$3>FC$3, $B$2, $B$4)), IF(EZ17=FB$3, IF(FC$3=FA$3, $B$3, IF(FC$3>FA$3, $B$2, $B$4)), IF(EZ17=EZ$4, IF(FA$4=FC$4, $B$3, IF(FA$4>FC$4, $B$2, $B$4)), IF(EZ17=FB$4, IF(FC$4=FA$4, $B$3, IF(FC$4>FA$4, $B$2, $B$4)), "")))))) -> 3 | FB17: 1 | FC17: =SUM(FA17,FB17) -> 4 | FD17: Pink | FE17: =IF(FD17="Out", VALUE($D17), IF(OR(FG$3="", FG$4=""),"", IF(FD17=FD$3, IF(FE$3=FG$3, $B$3, IF(FE$3>FG$3, $B$2, $B$4)), IF(FD17=FF$3, IF(FG$3=FE$3, $B$3, IF(FG$3>FE$3, $B$2, $B$4)), IF(FD17=FD$4, IF(FE$4=FG$4, $B$3, IF(FE$4>FG$4, $B$2, $B$4)), IF(FD17=FF$4, IF(FG$4=FE$4, $B$3, IF(FG$4>FE$4, $B$2, $B$4)), "")))))) -> 3 | FF17: 1 | FG17: =SUM(FE17,FF17) -> 4 | FH17: Jerseys | FI17: =IF(FH17="Out", VALUE($D17), IF(OR(FK$3="", FK$4=""),"", IF(FH17=FH$3, IF(FI$3=FK$3, $B$3, IF(FI$3>FK$3, $B$2, $B$4)), IF(FH17=FJ$3, IF(FK$3=FI$3, $B$3, IF(FK$3>FI$3, $B$2, $B$4)), IF(FH17=FH$4, IF(FI$4=FK$4, $B$3, IF(FI$4>FK$4, $B$2, $B$4)), IF(FH17=FJ$4, IF(FK$4=FI$4, $B$3, IF(FK$4>FI$4, $B$2, $B$4)), "")))))) -> 1 | FJ17: 1 | FK17: =SUM(FI17,FJ17) -> 2 | FL17: =SUM(EU17,EY17,FC17,FG17,FK17) -> 25
A18: Gerber | B18: Megan | C18: =AVERAGEIF($7:$7,"Goals",18:18) -> 1.12 | D18: =VALUE(AVERAGEIF($E$7:$ZZ$7,"Team Pts",$E18:$ZZ18)) -> 1.76 | E18: Blue | F18: =IF(OR(H$3="", H$4=""),"", IF(E18=E$3, IF(F$3=H$3, B$3, IF(F$3>H$3, B$2, B$4)), IF(E18=G$3, IF(H$3=F$3, B$3, IF(H$3>F$3, B$2, B$4)), IF(E18=E$4, IF(F$4=H$4, B$3, IF(F$4>H$4, B$2, B$4)), IF(E18=G$4, IF(H$4=F$4, B$3, IF(H$4>F$4, B$2, B$4)), ""))))) -> 3 | G18: 3 | H18: =SUM(F18,G18) -> 6 | I18: Blue | J18: =IF(OR(L$3="", L$4=""),"", IF(I18=I$3, IF(J$3=L$3, B$3, IF(J$3>L$3, B$2, B$4)), IF(I18=K$3, IF(L$3=J$3, B$3, IF(L$3>J$3, B$2, B$4)), IF(I18=I$4, IF(J$4=L$4, B$3, IF(J$4>L$4, B$2, B$4)), IF(I18=K$4, IF(L$4=J$4, B$3, IF(L$4>J$4, B$2, B$4)), ""))))) -> 3 | K18: 2 | L18: =SUM(J18,K18) -> 5 | M18: Blue | N18: =IF(OR(P$3="", P$4=""),"", IF(M18=M$3, IF(N$3=P$3, B$3, IF(N$3>P$3, B$2, B$4)), IF(M18=O$3, IF(P$3=N$3, B$3, IF(P$3>N$3, B$2, B$4)), IF(M18=M$4, IF(N$4=P$4, B$3, IF(N$4>P$4, B$2, B$4)), IF(M18=O$4, IF(P$4=N$4, B$3, IF(P$4>N$4, B$2, B$4)), ""))))) -> 3 | O18: 2 | P18: =SUM(N18,O18) -> 5 | Q18: Jerseys | R18: =IF(OR(T$3="", T$4=""),"", IF(Q18=Q$3, IF(R$3=T$3, B$3, IF(R$3>T$3, B$2, B$4)), IF(Q18=S$3, IF(T$3=R$3, B$3, IF(T$3>R$3, B$2, B$4)), IF(Q18=Q$4, IF(R$4=T$4, B$3, IF(R$4>T$4, B$2, B$4)), IF(Q18=S$4, IF(T$4=R$4, B$3, IF(T$4>R$4, B$2, B$4)), ""))))) -> 3 | S18: 1 | T18: =SUM(R18,S18) -> 4 | U18: Yellow | V18: =IF(OR(X$3="", X$4=""),"", IF(U18=U$3, IF(V$3=X$3, B$3, IF(V$3>X$3, B$2, B$4)), IF(U18=W$3, IF(X$3=V$3, B$3, IF(X$3>V$3, B$2, B$4)), IF(U18=U$4, IF(V$4=X$4, B$3, IF(V$4>X$4, B$2, B$4)), IF(U18=W$4, IF(X$4=V$4, B$3, IF(X$4>V$4, B$2, B$4)), ""))))) -> 3 | W18: 0 | X18: =SUM(V18,W18) -> 3 | Y18: =SUM(H18,L18,P18,T18,X18) -> 23 | Z18: Jerseys | AA18: =IF(Z18="Out", VALUE($D18), IF(OR(AC$3="", AC$4=""),"", IF(Z18=Z$3, IF(AA$3=AC$3, $B$3, IF(AA$3>AC$3, $B$2, $B$4)), IF(Z18=AB$3, IF(AC$3=AA$3, $B$3, IF(AC$3>AA$3, $B$2, $B$4)), IF(Z18=Z$4, IF(AA$4=AC$4, $B$3, IF(AA$4>AC$4, $B$2, $B$4)), IF(Z18=AB$4, IF(AC$4=AA$4, $B$3, IF(AC$4>AA$4, $B$2, $B$4)), "")))))) -> 3 | AB18: 1 | AC18: =SUM(AA18,AB18) -> 4 | AD18: Blue | AE18: =IF(AD18="Out", VALUE($D18), IF(OR(AG$3="", AG$4=""),"", IF(AD18=AD$3, IF(AE$3=AG$3, $B$3, IF(AE$3>AG$3, $B$2, $B$4)), IF(AD18=AF$3, IF(AG$3=AE$3, $B$3, IF(AG$3>AE$3, $B$2, $B$4)), IF(AD18=AD$4, IF(AE$4=AG$4, $B$3, IF(AE$4>AG$4, $B$2, $B$4)), IF(AD18=AF$4, IF(AG$4=AE$4, $B$3, IF(AG$4>AE$4, $B$2, $B$4)), "")))))) -> 0 | AF18: 0 | AG18: =SUM(AE18,AF18) -> 0 | AH18: Pink | AI18: =IF(OR(AK$3="", AK$4=""),"", IF(AH18=AH$3, IF(AI$3=AK$3, $B$3, IF(AI$3>AK$3, $B$2, $B$4)), IF(AH18=AJ$3, IF(AK$3=AI$3, $B$3, IF(AK$3>AI$3, $B$2, $B$4)), IF(AH18=AH$4, IF(AI$4=AK$4, $B$3, IF(AI$4>AK$4, $B$2, $B$4)), IF(AH18=AJ$4, IF(AK$4=AI$4, $B$3, IF(AK$4>AI$4, $B$2, $B$4)), ""))))) -> 1 | AJ18: 0 | AK18: =SUM(AI18,AJ18) -> 1 | AL18: Pink | AM18: =IF(OR(AO$3="", AO$4=""),"", IF(AL18=AL$3, IF(AM$3=AO$3, $B$3, IF(AM$3>AO$3, $B$2, $B$4)), IF(AL18=AN$3, IF(AO$3=AM$3, $B$3, IF(AO$3>AM$3, $B$2, $B$4)), IF(AL18=AL$4, IF(AM$4=AO$4, $B$3, IF(AM$4>AO$4, $B$2, $B$4)), IF(AL18=AN$4, IF(AO$4=AM$4, $B$3, IF(AO$4>AM$4, $B$2, $B$4)), ""))))) -> 3 | AN18: 1 | AO18: =SUM(AM18,AN18) -> 4 | AP18: Jerseys | AQ18: =IF(OR(AS$3="", AS$4=""),"", IF(AP18=AP$3, IF(AQ$3=AS$3, $B$3, IF(AQ$3>AS$3, $B$2, $B$4)), IF(AP18=AR$3, IF(AS$3=AQ$3, $B$3, IF(AS$3>AQ$3, $B$2, $B$4)), IF(AP18=AP$4, IF(AQ$4=AS$4, $B$3, IF(AQ$4>AS$4, $B$2, $B$4)), IF(AP18=AR$4, IF(AS$4=AQ$4, $B$3, IF(AS$4>AQ$4, $B$2, $B$4)), ""))))) -> 0 | AR18: 1 | AS18: =SUM(AQ18,AR18) -> 1 | AT18: =SUM(AC18,AG18,AK18,AO18,AS18) -> 10 | AU18: Yellow | AV18: =IF(AU18="Out", VALUE($D18), IF(OR(AX$3="", AX$4=""),"", IF(AU18=AU$3, IF(AV$3=AX$3, $B$3, IF(AV$3>AX$3, $B$2, $B$4)), IF(AU18=AW$3, IF(AX$3=AV$3, $B$3, IF(AX$3>AV$3, $B$2, $B$4)), IF(AU18=AU$4, IF(AV$4=AX$4, $B$3, IF(AV$4>AX$4, $B$2, $B$4)), IF(AU18=AW$4, IF(AX$4=AV$4, $B$3, IF(AX$4>AV$4, $B$2, $B$4)), "")))))) -> 3 | AW18: 0 | AX18: =SUM(AV18,AW18) -> 3 | AY18: Yellow | AZ18: =IF(AY18="Out", VALUE($D18), IF(OR(BB$3="", BB$4=""),"", IF(AY18=AY$3, IF(AZ$3=BB$3, $B$3, IF(AZ$3>BB$3, $B$2, $B$4)), IF(AY18=BA$3, IF(BB$3=AZ$3, $B$3, IF(BB$3>AZ$3, $B$2, $B$4)), IF(AY18=AY$4, IF(AZ$4=BB$4, $B$3, IF(AZ$4>BB$4, $B$2, $B$4)), IF(AY18=BA$4, IF(BB$4=AZ$4, $B$3, IF(BB$4>AZ$4, $B$2, $B$4)), "")))))) -> 3 | BA18: 4 | BB18: =SUM(AZ18,BA18) -> 7 | BC18: Blue | BD18: =IF(BC18="Out", VALUE($D18), IF(OR(BF$3="", BF$4=""),"", IF(BC18=BC$3, IF(BD$3=BF$3, $B$3, IF(BD$3>BF$3, $B$2, $B$4)), IF(BC18=BE$3, IF(BF$3=BD$3, $B$3, IF(BF$3>BD$3, $B$2, $B$4)), IF(BC18=BC$4, IF(BD$4=BF$4, $B$3, IF(BD$4>BF$4, $B$2, $B$4)), IF(BC18=BE$4, IF(BF$4=BD$4, $B$3, IF(BF$4>BD$4, $B$2, $B$4)), "")))))) -> 0 | BE18: 1 | BF18: =SUM(BD18,BE18) -> 1 | BG18: Pink | BH18: =IF(BG18="Out", VALUE($D18), IF(OR(BJ$3="", BJ$4=""),"", IF(BG18=BG$3, IF(BH$3=BJ$3, $B$3, IF(BH$3>BJ$3, $B$2, $B$4)), IF(BG18=BI$3, IF(BJ$3=BH$3, $B$3, IF(BJ$3>BH$3, $B$2, $B$4)), IF(BG18=BG$4, IF(BH$4=BJ$4, $B$3, IF(BH$4>BJ$4, $B$2, $B$4)), IF(BG18=BI$4, IF(BJ$4=BH$4, $B$3, IF(BJ$4>BH$4, $B$2, $B$4)), "")))))) -> 3 | BI18: 0 | BJ18: =SUM(BH18,BI18) -> 3 | BK18: Jerseys | BL18: =IF(BK18="Out", VALUE($D18), IF(OR(BN$3="", BN$4=""),"", IF(BK18=BK$3, IF(BL$3=BN$3, $B$3, IF(BL$3>BN$3, $B$2, $B$4)), IF(BK18=BM$3, IF(BN$3=BL$3, $B$3, IF(BN$3>BL$3, $B$2, $B$4)), IF(BK18=BK$4, IF(BL$4=BN$4, $B$3, IF(BL$4>BN$4, $B$2, $B$4)), IF(BK18=BM$4, IF(BN$4=BL$4, $B$3, IF(BN$4>BL$4, $B$2, $B$4)), "")))))) -> 3 | BM18: 2 | BN18: =SUM(BL18,BM18) -> 5 | BO18: =SUM(AX18,BB18,BF18,BJ18,BN18) -> 19 | BP18: Out | BQ18: =IF(BP18="Out", VALUE($D18), IF(OR(BS$3="", BS$4=""),"", IF(BP18=BP$3, IF(BQ$3=BS$3, $B$3, IF(BQ$3>BS$3, $B$2, $B$4)), IF(BP18=BR$3, IF(BS$3=BQ$3, $B$3, IF(BS$3>BQ$3, $B$2, $B$4)), IF(BP18=BP$4, IF(BQ$4=BS$4, $B$3, IF(BQ$4>BS$4, $B$2, $B$4)), IF(BP18=BR$4, IF(BS$4=BQ$4, $B$3, IF(BS$4>BQ$4, $B$2, $B$4)), "")))))) -> 1.76 | BR18: =IF(BP18="Out", $C18) -> 1.12 | BS18: =SUM(BQ18,BR18) -> 2.88 | BT18: Out | BU18: =IF(BT18="Out", VALUE($D18), IF(OR(BW$3="", BW$4=""),"", IF(BT18=BT$3, IF(BU$3=BW$3, $B$3, IF(BU$3>BW$3, $B$2, $B$4)), IF(BT18=BV$3, IF(BW$3=BU$3, $B$3, IF(BW$3>BU$3, $B$2, $B$4)), IF(BT18=BT$4, IF(BU$4=BW$4, $B$3, IF(BU$4>BW$4, $B$2, $B$4)), IF(BT18=BV$4, IF(BW$4=BU$4, $B$3, IF(BW$4>BU$4, $B$2, $B$4)), "")))))) -> 1.76 | BV18: =IF(BT18="Out", $C18) -> 1.12 | BW18: =SUM(BU18,BV18) -> 2.88 | BX18: Out | BY18: =IF(BX18="Out", VALUE($D18), IF(OR(CA$3="", CA$4=""),"", IF(BX18=BX$3, IF(BY$3=CA$3, $B$3, IF(BY$3>CA$3, $B$2, $B$4)), IF(BX18=BZ$3, IF(CA$3=BY$3, $B$3, IF(CA$3>BY$3, $B$2, $B$4)), IF(BX18=BX$4, IF(BY$4=CA$4, $B$3, IF(BY$4>CA$4, $B$2, $B$4)), IF(BX18=BZ$4, IF(CA$4=BY$4, $B$3, IF(CA$4>BY$4, $B$2, $B$4)), "")))))) -> 1.76 | BZ18: =IF(BX18="Out", $C18) -> 1.12 | CA18: =SUM(BY18,BZ18) -> 2.88 | CB18: Out | CC18: =IF(CB18="Out", VALUE($D18), IF(OR(CE$3="", CE$4=""),"", IF(CB18=CB$3, IF(CC$3=CE$3, $B$3, IF(CC$3>CE$3, $B$2, $B$4)), IF(CB18=CD$3, IF(CE$3=CC$3, $B$3, IF(CE$3>CC$3, $B$2, $B$4)), IF(CB18=CB$4, IF(CC$4=CE$4, $B$3, IF(CC$4>CE$4, $B$2, $B$4)), IF(CB18=CD$4, IF(CE$4=CC$4, $B$3, IF(CE$4>CC$4, $B$2, $B$4)), "")))))) -> 1.76 | CD18: =IF(CB18="Out", $C18) -> 1.12 | CE18: =SUM(CC18,CD18) -> 2.88 | CF18: Out | CG18: =IF(CF18="Out", VALUE($D18), IF(OR(CI$3="", CI$4=""),"", IF(CF18=CF$3, IF(CG$3=CI$3, $B$3, IF(CG$3>CI$3, $B$2, $B$4)), IF(CF18=CH$3, IF(CI$3=CG$3, $B$3, IF(CI$3>CG$3, $B$2, $B$4)), IF(CF18=CF$4, IF(CG$4=CI$4, $B$3, IF(CG$4>CI$4, $B$2, $B$4)), IF(CF18=CH$4, IF(CI$4=CG$4, $B$3, IF(CI$4>CG$4, $B$2, $B$4)), "")))))) -> 1.76 | CH18: =IF(CF18="Out", $C18) -> 1.12 | CI18: =SUM(CG18,CH18) -> 2.88 | CJ18: =SUM(BS18,BW18,CA18,CE18,CI18) -> 14.4 | CK18: Out | CL18: =IF(CK18="Out", VALUE($D18), IF(OR(CN$3="", CN$4=""),"", IF(CK18=CK$3, IF(CL$3=CN$3, $B$3, IF(CL$3>CN$3, $B$2, $B$4)), IF(CK18=CM$3, IF(CN$3=CL$3, $B$3, IF(CN$3>CL$3, $B$2, $B$4)), IF(CK18=CK$4, IF(CL$4=CN$4, $B$3, IF(CL$4>CN$4, $B$2, $B$4)), IF(CK18=CM$4, IF(CN$4=CL$4, $B$3, IF(CN$4>CL$4, $B$2, $B$4)), "")))))) -> 1.76 | CM18: =IF(CK18="Out", $C18) -> 1.12 | CN18: =SUM(CL18,CM18) -> 2.88 | CO18: Out | CP18: =IF(CO18="Out", VALUE($D18), IF(OR(CR$3="", CR$4=""),"", IF(CO18=CO$3, IF(CP$3=CR$3, $B$3, IF(CP$3>CR$3, $B$2, $B$4)), IF(CO18=CQ$3, IF(CR$3=CP$3, $B$3, IF(CR$3>CP$3, $B$2, $B$4)), IF(CO18=CO$4, IF(CP$4=CR$4, $B$3, IF(CP$4>CR$4, $B$2, $B$4)), IF(CO18=CQ$4, IF(CR$4=CP$4, $B$3, IF(CR$4>CP$4, $B$2, $B$4)), "")))))) -> 1.76 | CQ18: =IF(CO18="Out", $C18) -> 1.12 | CR18: =SUM(CP18,CQ18) -> 2.88 | CS18: Out | CT18: =IF(CS18="Out", VALUE($D18), IF(OR(CV$3="", CV$4=""),"", IF(CS18=CS$3, IF(CT$3=CV$3, $B$3, IF(CT$3>CV$3, $B$2, $B$4)), IF(CS18=CU$3, IF(CV$3=CT$3, $B$3, IF(CV$3>CT$3, $B$2, $B$4)), IF(CS18=CS$4, IF(CT$4=CV$4, $B$3, IF(CT$4>CV$4, $B$2, $B$4)), IF(CS18=CU$4, IF(CV$4=CT$4, $B$3, IF(CV$4>CT$4, $B$2, $B$4)), "")))))) -> 1.76 | CU18: =IF(CS18="Out", $C18) -> 1.12 | CV18: =SUM(CT18,CU18) -> 2.88 | CW18: Out | CX18: =IF(CW18="Out", VALUE($D18), IF(OR(CZ$3="", CZ$4=""),"", IF(CW18=CW$3, IF(CX$3=CZ$3, $B$3, IF(CX$3>CZ$3, $B$2, $B$4)), IF(CW18=CY$3, IF(CZ$3=CX$3, $B$3, IF(CZ$3>CX$3, $B$2, $B$4)), IF(CW18=CW$4, IF(CX$4=CZ$4, $B$3, IF(CX$4>CZ$4, $B$2, $B$4)), IF(CW18=CY$4, IF(CZ$4=CX$4, $B$3, IF(CZ$4>CX$4, $B$2, $B$4)), "")))))) -> 1.76 | CY18: =IF(CW18="Out", $C18) -> 1.12 | CZ18: =SUM(CX18,CY18) -> 2.88 | DA18: Out | DB18: =IF(DA18="Out", VALUE($D18), IF(OR(DD$3="", DD$4=""),"", IF(DA18=DA$3, IF(DB$3=DD$3, $B$3, IF(DB$3>DD$3, $B$2, $B$4)), IF(DA18=DC$3, IF(DD$3=DB$3, $B$3, IF(DD$3>DB$3, $B$2, $B$4)), IF(DA18=DA$4, IF(DB$4=DD$4, $B$3, IF(DB$4>DD$4, $B$2, $B$4)), IF(DA18=DC$4, IF(DD$4=DB$4, $B$3, IF(DD$4>DB$4, $B$2, $B$4)), "")))))) -> 1.76 | DC18: =IF(DA18="Out", $C18) -> 1.12 | DD18: =SUM(DB18,DC18) -> 2.88 | DE18: =SUM(CN18,CR18,CV18,CZ18,DD18) -> 14.4 | DF18: Blue | DG18: =IF(DF18="Out", VALUE($D18), IF(OR(DI$3="", DI$4=""),"", IF(DF18=DF$3, IF(DG$3=DI$3, $B$3, IF(DG$3>DI$3, $B$2, $B$4)), IF(DF18=DH$3, IF(DI$3=DG$3, $B$3, IF(DI$3>DG$3, $B$2, $B$4)), IF(DF18=DF$4, IF(DG$4=DI$4, $B$3, IF(DG$4>DI$4, $B$2, $B$4)), IF(DF18=DH$4, IF(DI$4=DG$4, $B$3, IF(DI$4>DG$4, $B$2, $B$4)), "")))))) -> 3 | DH18: 1 | DI18: =SUM(DG18,DH18) -> 4 | DJ18: Jerseys | DK18: =IF(DJ18="Out", VALUE($D18), IF(OR(DM$3="", DM$4=""),"", IF(DJ18=DJ$3, IF(DK$3=DM$3, $B$3, IF(DK$3>DM$3, $B$2, $B$4)), IF(DJ18=DL$3, IF(DM$3=DK$3, $B$3, IF(DM$3>DK$3, $B$2, $B$4)), IF(DJ18=DJ$4, IF(DK$4=DM$4, $B$3, IF(DK$4>DM$4, $B$2, $B$4)), IF(DJ18=DL$4, IF(DM$4=DK$4, $B$3, IF(DM$4>DK$4, $B$2, $B$4)), "")))))) -> 3 | DL18: 2 | DM18: =SUM(DK18,DL18) -> 5 | DN18: Yellow | DO18: =IF(DN18="Out", VALUE($D18), IF(OR(DQ$3="", DQ$4=""),"", IF(DN18=DN$3, IF(DO$3=DQ$3, $B$3, IF(DO$3>DQ$3, $B$2, $B$4)), IF(DN18=DP$3, IF(DQ$3=DO$3, $B$3, IF(DQ$3>DO$3, $B$2, $B$4)), IF(DN18=DN$4, IF(DO$4=DQ$4, $B$3, IF(DO$4>DQ$4, $B$2, $B$4)), IF(DN18=DP$4, IF(DQ$4=DO$4, $B$3, IF(DQ$4>DO$4, $B$2, $B$4)), "")))))) -> 3 | DP18: 0 | DQ18: =SUM(DO18,DP18) -> 3 | DR18: Blue | DS18: =IF(DR18="Out", VALUE($D18), IF(OR(DU$3="", DU$4=""),"", IF(DR18=DR$3, IF(DS$3=DU$3, $B$3, IF(DS$3>DU$3, $B$2, $B$4)), IF(DR18=DT$3, IF(DU$3=DS$3, $B$3, IF(DU$3>DS$3, $B$2, $B$4)), IF(DR18=DR$4, IF(DS$4=DU$4, $B$3, IF(DS$4>DU$4, $B$2, $B$4)), IF(DR18=DT$4, IF(DU$4=DS$4, $B$3, IF(DU$4>DS$4, $B$2, $B$4)), "")))))) -> 0 | DT18: 2 | DU18: =SUM(DS18,DT18) -> 2 | DV18: Pink | DW18: =IF(DV18="Out", VALUE($D18), IF(OR(DY$3="", DY$4=""),"", IF(DV18=DV$3, IF(DW$3=DY$3, $B$3, IF(DW$3>DY$3, $B$2, $B$4)), IF(DV18=DX$3, IF(DY$3=DW$3, $B$3, IF(DY$3>DW$3, $B$2, $B$4)), IF(DV18=DV$4, IF(DW$4=DY$4, $B$3, IF(DW$4>DY$4, $B$2, $B$4)), IF(DV18=DX$4, IF(DY$4=DW$4, $B$3, IF(DY$4>DW$4, $B$2, $B$4)), "")))))) -> 0 | DX18: 1 | DY18: =SUM(DW18,DX18) -> 1 | DZ18: =SUM(DI18,DM18,DQ18,DU18,DY18) -> 15 | EA18: Pink | EB18: =IF(EA18="Out", VALUE($D18), IF(OR(ED$3="", ED$4=""),"", IF(EA18=EA$3, IF(EB$3=ED$3, $B$3, IF(EB$3>ED$3, $B$2, $B$4)), IF(EA18=EC$3, IF(ED$3=EB$3, $B$3, IF(ED$3>EB$3, $B$2, $B$4)), IF(EA18=EA$4, IF(EB$4=ED$4, $B$3, IF(EB$4>ED$4, $B$2, $B$4)), IF(EA18=EC$4, IF(ED$4=EB$4, $B$3, IF(ED$4>EB$4, $B$2, $B$4)), "")))))) -> 1 | EC18: 3 | ED18: =SUM(EB18,EC18) -> 4 | EE18: Blue | EF18: =IF(EE18="Out", VALUE($D18), IF(OR(EH$3="", EH$4=""),"", IF(EE18=EE$3, IF(EF$3=EH$3, $B$3, IF(EF$3>EH$3, $B$2, $B$4)), IF(EE18=EG$3, IF(EH$3=EF$3, $B$3, IF(EH$3>EF$3, $B$2, $B$4)), IF(EE18=EE$4, IF(EF$4=EH$4, $B$3, IF(EF$4>EH$4, $B$2, $B$4)), IF(EE18=EG$4, IF(EH$4=EF$4, $B$3, IF(EH$4>EF$4, $B$2, $B$4)), "")))))) -> 0 | EG18: 0 | EH18: =SUM(EF18,EG18) -> 0 | EI18: Yellow | EJ18: =IF(EI18="Out", VALUE($D18), IF(OR(EL$3="", EL$4=""),"", IF(EI18=EI$3, IF(EJ$3=EL$3, $B$3, IF(EJ$3>EL$3, $B$2, $B$4)), IF(EI18=EK$3, IF(EL$3=EJ$3, $B$3, IF(EL$3>EJ$3, $B$2, $B$4)), IF(EI18=EI$4, IF(EJ$4=EL$4, $B$3, IF(EJ$4>EL$4, $B$2, $B$4)), IF(EI18=EK$4, IF(EL$4=EJ$4, $B$3, IF(EL$4>EJ$4, $B$2, $B$4)), "")))))) -> 0 | EK18: 1 | EL18: =SUM(EJ18,EK18) -> 1 | EM18: Pink | EN18: =IF(EM18="Out", VALUE($D18), IF(OR(EP$3="", EP$4=""),"", IF(EM18=EM$3, IF(EN$3=EP$3, $B$3, IF(EN$3>EP$3, $B$2, $B$4)), IF(EM18=EO$3, IF(EP$3=EN$3, $B$3, IF(EP$3>EN$3, $B$2, $B$4)), IF(EM18=EM$4, IF(EN$4=EP$4, $B$3, IF(EN$4>EP$4, $B$2, $B$4)), IF(EM18=EO$4, IF(EP$4=EN$4, $B$3, IF(EP$4>EN$4, $B$2, $B$4)), "")))))) -> 0 | EO18: 0 | EP18: =SUM(EN18,EO18) -> 0 | EQ18: Pink | ER18: =IF(EQ18="Out", VALUE($D18), IF(OR(ET$3="", ET$4=""),"", IF(EQ18=EQ$3, IF(ER$3=ET$3, $B$3, IF(ER$3>ET$3, $B$2, $B$4)), IF(EQ18=ES$3, IF(ET$3=ER$3, $B$3, IF(ET$3>ER$3, $B$2, $B$4)), IF(EQ18=EQ$4, IF(ER$4=ET$4, $B$3, IF(ER$4>ET$4, $B$2, $B$4)), IF(EQ18=ES$4, IF(ET$4=ER$4, $B$3, IF(ET$4>ER$4, $B$2, $B$4)), "")))))) -> 0 | ES18: 0 | ET18: =SUM(ER18,ES18) -> 0 | EU18: =SUM(ED18,EH18,EL18,EP18,ET18) -> 5 | EV18: Out | EW18: =IF(EV18="Out", VALUE($D18), IF(OR(EY$3="", EY$4=""),"", IF(EV18=EV$3, IF(EW$3=EY$3, $B$3, IF(EW$3>EY$3, $B$2, $B$4)), IF(EV18=EX$3, IF(EY$3=EW$3, $B$3, IF(EY$3>EW$3, $B$2, $B$4)), IF(EV18=EV$4, IF(EW$4=EY$4, $B$3, IF(EW$4>EY$4, $B$2, $B$4)), IF(EV18=EX$4, IF(EY$4=EW$4, $B$3, IF(EY$4>EW$4, $B$2, $B$4)), "")))))) -> 1.76 | EX18: =IF(EV18="Out", $C18) -> 1.12 | EY18: =SUM(EW18,EX18) -> 2.88 | EZ18: Out | FA18: =IF(EZ18="Out", VALUE($D18), IF(OR(FC$3="", FC$4=""),"", IF(EZ18=EZ$3, IF(FA$3=FC$3, $B$3, IF(FA$3>FC$3, $B$2, $B$4)), IF(EZ18=FB$3, IF(FC$3=FA$3, $B$3, IF(FC$3>FA$3, $B$2, $B$4)), IF(EZ18=EZ$4, IF(FA$4=FC$4, $B$3, IF(FA$4>FC$4, $B$2, $B$4)), IF(EZ18=FB$4, IF(FC$4=FA$4, $B$3, IF(FC$4>FA$4, $B$2, $B$4)), "")))))) -> 1.76 | FB18: =IF(EZ18="Out", $C18) -> 1.12 | FC18: =SUM(FA18,FB18) -> 2.88 | FD18: Out | FE18: =IF(FD18="Out", VALUE($D18), IF(OR(FG$3="", FG$4=""),"", IF(FD18=FD$3, IF(FE$3=FG$3, $B$3, IF(FE$3>FG$3, $B$2, $B$4)), IF(FD18=FF$3, IF(FG$3=FE$3, $B$3, IF(FG$3>FE$3, $B$2, $B$4)), IF(FD18=FD$4, IF(FE$4=FG$4, $B$3, IF(FE$4>FG$4, $B$2, $B$4)), IF(FD18=FF$4, IF(FG$4=FE$4, $B$3, IF(FG$4>FE$4, $B$2, $B$4)), "")))))) -> 1.76 | FF18: =IF(FD18="Out", $C18) -> 1.12 | FG18: =SUM(FE18,FF18) -> 2.88 | FH18: Out | FI18: =IF(FH18="Out", VALUE($D18), IF(OR(FK$3="", FK$4=""),"", IF(FH18=FH$3, IF(FI$3=FK$3, $B$3, IF(FI$3>FK$3, $B$2, $B$4)), IF(FH18=FJ$3, IF(FK$3=FI$3, $B$3, IF(FK$3>FI$3, $B$2, $B$4)), IF(FH18=FH$4, IF(FI$4=FK$4, $B$3, IF(FI$4>FK$4, $B$2, $B$4)), IF(FH18=FJ$4, IF(FK$4=FI$4, $B$3, IF(FK$4>FI$4, $B$2, $B$4)), "")))))) -> 1.76 | FJ18: =IF(FH18="Out", $C18) -> 1.12 | FK18: =SUM(FI18,FJ18) -> 2.88 | FL18: =SUM(EU18,EY18,FC18,FG18,FK18) -> 16.52
A19: Gifford | B19: Dinah | C19: =AVERAGEIF($7:$7,"Goals",19:19) -> 0.33333333 | D19: =VALUE(AVERAGEIF($E$7:$ZZ$7,"Team Pts",$E19:$ZZ19)) -> 1.2820513 | E19: Jerseys | F19: =IF(OR(H$3="", H$4=""),"", IF(E19=E$3, IF(F$3=H$3, B$3, IF(F$3>H$3, B$2, B$4)), IF(E19=G$3, IF(H$3=F$3, B$3, IF(H$3>F$3, B$2, B$4)), IF(E19=E$4, IF(F$4=H$4, B$3, IF(F$4>H$4, B$2, B$4)), IF(E19=G$4, IF(H$4=F$4, B$3, IF(H$4>F$4, B$2, B$4)), ""))))) -> 0 | G19: 0 | H19: =SUM(F19,G19) -> 0 | I19: Blue | J19: =IF(OR(L$3="", L$4=""),"", IF(I19=I$3, IF(J$3=L$3, B$3, IF(J$3>L$3, B$2, B$4)), IF(I19=K$3, IF(L$3=J$3, B$3, IF(L$3>J$3, B$2, B$4)), IF(I19=I$4, IF(J$4=L$4, B$3, IF(J$4>L$4, B$2, B$4)), IF(I19=K$4, IF(L$4=J$4, B$3, IF(L$4>J$4, B$2, B$4)), ""))))) -> 3 | K19: 0 | L19: =SUM(J19,K19) -> 3 | M19: Blue | N19: =IF(OR(P$3="", P$4=""),"", IF(M19=M$3, IF(N$3=P$3, B$3, IF(N$3>P$3, B$2, B$4)), IF(M19=O$3, IF(P$3=N$3, B$3, IF(P$3>N$3, B$2, B$4)), IF(M19=M$4, IF(N$4=P$4, B$3, IF(N$4>P$4, B$2, B$4)), IF(M19=O$4, IF(P$4=N$4, B$3, IF(P$4>N$4, B$2, B$4)), ""))))) -> 3 | O19: 0 | P19: =SUM(N19,O19) -> 3 | Q19: Jerseys | R19: =IF(OR(T$3="", T$4=""),"", IF(Q19=Q$3, IF(R$3=T$3, B$3, IF(R$3>T$3, B$2, B$4)), IF(Q19=S$3, IF(T$3=R$3, B$3, IF(T$3>R$3, B$2, B$4)), IF(Q19=Q$4, IF(R$4=T$4, B$3, IF(R$4>T$4, B$2, B$4)), IF(Q19=S$4, IF(T$4=R$4, B$3, IF(T$4>R$4, B$2, B$4)), ""))))) -> 3 | S19: 0 | T19: =SUM(R19,S19) -> 3 | U19: Jerseys | V19: =IF(OR(X$3="", X$4=""),"", IF(U19=U$3, IF(V$3=X$3, B$3, IF(V$3>X$3, B$2, B$4)), IF(U19=W$3, IF(X$3=V$3, B$3, IF(X$3>V$3, B$2, B$4)), IF(U19=U$4, IF(V$4=X$4, B$3, IF(V$4>X$4, B$2, B$4)), IF(U19=W$4, IF(X$4=V$4, B$3, IF(X$4>V$4, B$2, B$4)), ""))))) -> 0 | W19: 0 | X19: =SUM(V19,W19) -> 0 | Y19: =SUM(H19,L19,P19,T19,X19) -> 9 | Z19: Yellow | AA19: =IF(Z19="Out", VALUE($D19), IF(OR(AC$3="", AC$4=""),"", IF(Z19=Z$3, IF(AA$3=AC$3, $B$3, IF(AA$3>AC$3, $B$2, $B$4)), IF(Z19=AB$3, IF(AC$3=AA$3, $B$3, IF(AC$3>AA$3, $B$2, $B$4)), IF(Z19=Z$4, IF(AA$4=AC$4, $B$3, IF(AA$4>AC$4, $B$2, $B$4)), IF(Z19=AB$4, IF(AC$4=AA$4, $B$3, IF(AC$4>AA$4, $B$2, $B$4)), "")))))) -> 0 | AB19: 0 | AC19: =SUM(AA19,AB19) -> 0 | AD19: Jerseys | AE19: =IF(AD19="Out", VALUE($D19), IF(OR(AG$3="", AG$4=""),"", IF(AD19=AD$3, IF(AE$3=AG$3, $B$3, IF(AE$3>AG$3, $B$2, $B$4)), IF(AD19=AF$3, IF(AG$3=AE$3, $B$3, IF(AG$3>AE$3, $B$2, $B$4)), IF(AD19=AD$4, IF(AE$4=AG$4, $B$3, IF(AE$4>AG$4, $B$2, $B$4)), IF(AD19=AF$4, IF(AG$4=AE$4, $B$3, IF(AG$4>AE$4, $B$2, $B$4)), "")))))) -> 3 | AF19: 0 | AG19: =SUM(AE19,AF19) -> 3 | AH19: Pink | AI19: =IF(OR(AK$3="", AK$4=""),"", IF(AH19=AH$3, IF(AI$3=AK$3, $B$3, IF(AI$3>AK$3, $B$2, $B$4)), IF(AH19=AJ$3, IF(AK$3=AI$3, $B$3, IF(AK$3>AI$3, $B$2, $B$4)), IF(AH19=AH$4, IF(AI$4=AK$4, $B$3, IF(AI$4>AK$4, $B$2, $B$4)), IF(AH19=AJ$4, IF(AK$4=AI$4, $B$3, IF(AK$4>AI$4, $B$2, $B$4)), ""))))) -> 1 | AJ19: 0 | AK19: =SUM(AI19,AJ19) -> 1 | AL19: Yellow | AM19: =IF(OR(AO$3="", AO$4=""),"", IF(AL19=AL$3, IF(AM$3=AO$3, $B$3, IF(AM$3>AO$3, $B$2, $B$4)), IF(AL19=AN$3, IF(AO$3=AM$3, $B$3, IF(AO$3>AM$3, $B$2, $B$4)), IF(AL19=AL$4, IF(AM$4=AO$4, $B$3, IF(AM$4>AO$4, $B$2, $B$4)), IF(AL19=AN$4, IF(AO$4=AM$4, $B$3, IF(AO$4>AM$4, $B$2, $B$4)), ""))))) -> 1 | AN19: 0 | AO19: =SUM(AM19,AN19) -> 1 | AP19: Yellow | AQ19: =IF(OR(AS$3="", AS$4=""),"", IF(AP19=AP$3, IF(AQ$3=AS$3, $B$3, IF(AQ$3>AS$3, $B$2, $B$4)), IF(AP19=AR$3, IF(AS$3=AQ$3, $B$3, IF(AS$3>AQ$3, $B$2, $B$4)), IF(AP19=AP$4, IF(AQ$4=AS$4, $B$3, IF(AQ$4>AS$4, $B$2, $B$4)), IF(AP19=AR$4, IF(AS$4=AQ$4, $B$3, IF(AS$4>AQ$4, $B$2, $B$4)), ""))))) -> 3 | AR19: 1 | AS19: =SUM(AQ19,AR19) -> 4 | AT19: =SUM(AC19,AG19,AK19,AO19,AS19) -> 9 | AU19: Blue | AV19: =IF(AU19="Out", VALUE($D19), IF(OR(AX$3="", AX$4=""),"", IF(AU19=AU$3, IF(AV$3=AX$3, $B$3, IF(AV$3>AX$3, $B$2, $B$4)), IF(AU19=AW$3, IF(AX$3=AV$3, $B$3, IF(AX$3>AV$3, $B$2, $B$4)), IF(AU19=AU$4, IF(AV$4=AX$4, $B$3, IF(AV$4>AX$4, $B$2, $B$4)), IF(AU19=AW$4, IF(AX$4=AV$4, $B$3, IF(AX$4>AV$4, $B$2, $B$4)), "")))))) -> 3 | AW19: 0 | AX19: =SUM(AV19,AW19) -> 3 | AY19: Jerseys | AZ19: =IF(AY19="Out", VALUE($D19), IF(OR(BB$3="", BB$4=""),"", IF(AY19=AY$3, IF(AZ$3=BB$3, $B$3, IF(AZ$3>BB$3, $B$2, $B$4)), IF(AY19=BA$3, IF(BB$3=AZ$3, $B$3, IF(BB$3>AZ$3, $B$2, $B$4)), IF(AY19=AY$4, IF(AZ$4=BB$4, $B$3, IF(AZ$4>BB$4, $B$2, $B$4)), IF(AY19=BA$4, IF(BB$4=AZ$4, $B$3, IF(BB$4>AZ$4, $B$2, $B$4)), "")))))) -> 0 | BA19: 0 | BB19: =SUM(AZ19,BA19) -> 0 | BC19: Jerseys | BD19: =IF(BC19="Out", VALUE($D19), IF(OR(BF$3="", BF$4=""),"", IF(BC19=BC$3, IF(BD$3=BF$3, $B$3, IF(BD$3>BF$3, $B$2, $B$4)), IF(BC19=BE$3, IF(BF$3=BD$3, $B$3, IF(BF$3>BD$3, $B$2, $B$4)), IF(BC19=BC$4, IF(BD$4=BF$4, $B$3, IF(BD$4>BF$4, $B$2, $B$4)), IF(BC19=BE$4, IF(BF$4=BD$4, $B$3, IF(BF$4>BD$4, $B$2, $B$4)), "")))))) -> 1 | BE19: 0 | BF19: =SUM(BD19,BE19) -> 1 | BG19: Blue | BH19: =IF(BG19="Out", VALUE($D19), IF(OR(BJ$3="", BJ$4=""),"", IF(BG19=BG$3, IF(BH$3=BJ$3, $B$3, IF(BH$3>BJ$3, $B$2, $B$4)), IF(BG19=BI$3, IF(BJ$3=BH$3, $B$3, IF(BJ$3>BH$3, $B$2, $B$4)), IF(BG19=BG$4, IF(BH$4=BJ$4, $B$3, IF(BH$4>BJ$4, $B$2, $B$4)), IF(BG19=BI$4, IF(BJ$4=BH$4, $B$3, IF(BJ$4>BH$4, $B$2, $B$4)), "")))))) -> 0 | BI19: 0 | BJ19: =SUM(BH19,BI19) -> 0 | BK19: Yellow | BL19: =IF(BK19="Out", VALUE($D19), IF(OR(BN$3="", BN$4=""),"", IF(BK19=BK$3, IF(BL$3=BN$3, $B$3, IF(BL$3>BN$3, $B$2, $B$4)), IF(BK19=BM$3, IF(BN$3=BL$3, $B$3, IF(BN$3>BL$3, $B$2, $B$4)), IF(BK19=BK$4, IF(BL$4=BN$4, $B$3, IF(BL$4>BN$4, $B$2, $B$4)), IF(BK19=BM$4, IF(BN$4=BL$4, $B$3, IF(BN$4>BL$4, $B$2, $B$4)), "")))))) -> 0 | BM19: 1 | BN19: =SUM(BL19,BM19) -> 1 | BO19: =SUM(AX19,BB19,BF19,BJ19,BN19) -> 5 | BP19: Blue | BQ19: =IF(BP19="Out", VALUE($D19), IF(OR(BS$3="", BS$4=""),"", IF(BP19=BP$3, IF(BQ$3=BS$3, $B$3, IF(BQ$3>BS$3, $B$2, $B$4)), IF(BP19=BR$3, IF(BS$3=BQ$3, $B$3, IF(BS$3>BQ$3, $B$2, $B$4)), IF(BP19=BP$4, IF(BQ$4=BS$4, $B$3, IF(BQ$4>BS$4, $B$2, $B$4)), IF(BP19=BR$4, IF(BS$4=BQ$4, $B$3, IF(BS$4>BQ$4, $B$2, $B$4)), "")))))) -> 3 | BR19: 0 | BS19: =SUM(BQ19,BR19) -> 3 | BT19: Blue | BU19: =IF(BT19="Out", VALUE($D19), IF(OR(BW$3="", BW$4=""),"", IF(BT19=BT$3, IF(BU$3=BW$3, $B$3, IF(BU$3>BW$3, $B$2, $B$4)), IF(BT19=BV$3, IF(BW$3=BU$3, $B$3, IF(BW$3>BU$3, $B$2, $B$4)), IF(BT19=BT$4, IF(BU$4=BW$4, $B$3, IF(BU$4>BW$4, $B$2, $B$4)), IF(BT19=BV$4, IF(BW$4=BU$4, $B$3, IF(BW$4>BU$4, $B$2, $B$4)), "")))))) -> 0 | BV19: 0 | BW19: =SUM(BU19,BV19) -> 0 | BX19: Jerseys | BY19: =IF(BX19="Out", VALUE($D19), IF(OR(CA$3="", CA$4=""),"", IF(BX19=BX$3, IF(BY$3=CA$3, $B$3, IF(BY$3>CA$3, $B$2, $B$4)), IF(BX19=BZ$3, IF(CA$3=BY$3, $B$3, IF(CA$3>BY$3, $B$2, $B$4)), IF(BX19=BX$4, IF(BY$4=CA$4, $B$3, IF(BY$4>CA$4, $B$2, $B$4)), IF(BX19=BZ$4, IF(CA$4=BY$4, $B$3, IF(CA$4>BY$4, $B$2, $B$4)), "")))))) -> 3 | BZ19: 1 | CA19: =SUM(BY19,BZ19) -> 4 | CB19: Jerseys | CC19: =IF(CB19="Out", VALUE($D19), IF(OR(CE$3="", CE$4=""),"", IF(CB19=CB$3, IF(CC$3=CE$3, $B$3, IF(CC$3>CE$3, $B$2, $B$4)), IF(CB19=CD$3, IF(CE$3=CC$3, $B$3, IF(CE$3>CC$3, $B$2, $B$4)), IF(CB19=CB$4, IF(CC$4=CE$4, $B$3, IF(CC$4>CE$4, $B$2, $B$4)), IF(CB19=CD$4, IF(CE$4=CC$4, $B$3, IF(CE$4>CC$4, $B$2, $B$4)), "")))))) -> 3 | CD19: 1 | CE19: =SUM(CC19,CD19) -> 4 | CF19: Blue | CG19: =IF(CF19="Out", VALUE($D19), IF(OR(CI$3="", CI$4=""),"", IF(CF19=CF$3, IF(CG$3=CI$3, $B$3, IF(CG$3>CI$3, $B$2, $B$4)), IF(CF19=CH$3, IF(CI$3=CG$3, $B$3, IF(CI$3>CG$3, $B$2, $B$4)), IF(CF19=CF$4, IF(CG$4=CI$4, $B$3, IF(CG$4>CI$4, $B$2, $B$4)), IF(CF19=CH$4, IF(CI$4=CG$4, $B$3, IF(CI$4>CG$4, $B$2, $B$4)), "")))))) -> 0 | CH19: 0 | CI19: =SUM(CG19,CH19) -> 0 | CJ19: =SUM(BS19,BW19,CA19,CE19,CI19) -> 11 | CK19: Jerseys | CL19: =IF(CK19="Out", VALUE($D19), IF(OR(CN$3="", CN$4=""),"", IF(CK19=CK$3, IF(CL$3=CN$3, $B$3, IF(CL$3>CN$3, $B$2, $B$4)), IF(CK19=CM$3, IF(CN$3=CL$3, $B$3, IF(CN$3>CL$3, $B$2, $B$4)), IF(CK19=CK$4, IF(CL$4=CN$4, $B$3, IF(CL$4>CN$4, $B$2, $B$4)), IF(CK19=CM$4, IF(CN$4=CL$4, $B$3, IF(CN$4>CL$4, $B$2, $B$4)), "")))))) -> 3 | CM19: 2 | CN19: =SUM(CL19,CM19) -> 5 | CO19: Pink | CP19: =IF(CO19="Out", VALUE($D19), IF(OR(CR$3="", CR$4=""),"", IF(CO19=CO$3, IF(CP$3=CR$3, $B$3, IF(CP$3>CR$3, $B$2, $B$4)), IF(CO19=CQ$3, IF(CR$3=CP$3, $B$3, IF(CR$3>CP$3, $B$2, $B$4)), IF(CO19=CO$4, IF(CP$4=CR$4, $B$3, IF(CP$4>CR$4, $B$2, $B$4)), IF(CO19=CQ$4, IF(CR$4=CP$4, $B$3, IF(CR$4>CP$4, $B$2, $B$4)), "")))))) -> 0 | CQ19: 0 | CR19: =SUM(CP19,CQ19) -> 0 | CS19: Pink | CT19: =IF(CS19="Out", VALUE($D19), IF(OR(CV$3="", CV$4=""),"", IF(CS19=CS$3, IF(CT$3=CV$3, $B$3, IF(CT$3>CV$3, $B$2, $B$4)), IF(CS19=CU$3, IF(CV$3=CT$3, $B$3, IF(CV$3>CT$3, $B$2, $B$4)), IF(CS19=CS$4, IF(CT$4=CV$4, $B$3, IF(CT$4>CV$4, $B$2, $B$4)), IF(CS19=CU$4, IF(CV$4=CT$4, $B$3, IF(CV$4>CT$4, $B$2, $B$4)), "")))))) -> 1 | CU19: 0 | CV19: =SUM(CT19,CU19) -> 1 | CW19: Blue | CX19: =IF(CW19="Out", VALUE($D19), IF(OR(CZ$3="", CZ$4=""),"", IF(CW19=CW$3, IF(CX$3=CZ$3, $B$3, IF(CX$3>CZ$3, $B$2, $B$4)), IF(CW19=CY$3, IF(CZ$3=CX$3, $B$3, IF(CZ$3>CX$3, $B$2, $B$4)), IF(CW19=CW$4, IF(CX$4=CZ$4, $B$3, IF(CX$4>CZ$4, $B$2, $B$4)), IF(CW19=CY$4, IF(CZ$4=CX$4, $B$3, IF(CZ$4>CX$4, $B$2, $B$4)), "")))))) -> 0 | CY19: 0 | CZ19: =SUM(CX19,CY19) -> 0 | DA19: Yellow | DB19: =IF(DA19="Out", VALUE($D19), IF(OR(DD$3="", DD$4=""),"", IF(DA19=DA$3, IF(DB$3=DD$3, $B$3, IF(DB$3>DD$3, $B$2, $B$4)), IF(DA19=DC$3, IF(DD$3=DB$3, $B$3, IF(DD$3>DB$3, $B$2, $B$4)), IF(DA19=DA$4, IF(DB$4=DD$4, $B$3, IF(DB$4>DD$4, $B$2, $B$4)), IF(DA19=DC$4, IF(DD$4=DB$4, $B$3, IF(DD$4>DB$4, $B$2, $B$4)), "")))))) -> 1 | DC19: 2 | DD19: =SUM(DB19,DC19) -> 3 | DE19: =SUM(CN19,CR19,CV19,CZ19,DD19) -> 9 | DF19: Yellow | DG19: =IF(DF19="Out", VALUE($D19), IF(OR(DI$3="", DI$4=""),"", IF(DF19=DF$3, IF(DG$3=DI$3, $B$3, IF(DG$3>DI$3, $B$2, $B$4)), IF(DF19=DH$3, IF(DI$3=DG$3, $B$3, IF(DI$3>DG$3, $B$2, $B$4)), IF(DF19=DF$4, IF(DG$4=DI$4, $B$3, IF(DG$4>DI$4, $B$2, $B$4)), IF(DF19=DH$4, IF(DI$4=DG$4, $B$3, IF(DI$4>DG$4, $B$2, $B$4)), "")))))) -> 0 | DH19: 0 | DI19: =SUM(DG19,DH19) -> 0 | DJ19: Yellow | DK19: =IF(DJ19="Out", VALUE($D19), IF(OR(DM$3="", DM$4=""),"", IF(DJ19=DJ$3, IF(DK$3=DM$3, $B$3, IF(DK$3>DM$3, $B$2, $B$4)), IF(DJ19=DL$3, IF(DM$3=DK$3, $B$3, IF(DM$3>DK$3, $B$2, $B$4)), IF(DJ19=DJ$4, IF(DK$4=DM$4, $B$3, IF(DK$4>DM$4, $B$2, $B$4)), IF(DJ19=DL$4, IF(DM$4=DK$4, $B$3, IF(DM$4>DK$4, $B$2, $B$4)), "")))))) -> 0 | DL19: 2 | DM19: =SUM(DK19,DL19) -> 2 | DN19: Jerseys | DO19: =IF(DN19="Out", VALUE($D19), IF(OR(DQ$3="", DQ$4=""),"", IF(DN19=DN$3, IF(DO$3=DQ$3, $B$3, IF(DO$3>DQ$3, $B$2, $B$4)), IF(DN19=DP$3, IF(DQ$3=DO$3, $B$3, IF(DQ$3>DO$3, $B$2, $B$4)), IF(DN19=DN$4, IF(DO$4=DQ$4, $B$3, IF(DO$4>DQ$4, $B$2, $B$4)), IF(DN19=DP$4, IF(DQ$4=DO$4, $B$3, IF(DQ$4>DO$4, $B$2, $B$4)), "")))))) -> 0 | DP19: 0 | DQ19: =SUM(DO19,DP19) -> 0 | DR19: Pink | DS19: =IF(DR19="Out", VALUE($D19), IF(OR(DU$3="", DU$4=""),"", IF(DR19=DR$3, IF(DS$3=DU$3, $B$3, IF(DS$3>DU$3, $B$2, $B$4)), IF(DR19=DT$3, IF(DU$3=DS$3, $B$3, IF(DU$3>DS$3, $B$2, $B$4)), IF(DR19=DR$4, IF(DS$4=DU$4, $B$3, IF(DS$4>DU$4, $B$2, $B$4)), IF(DR19=DT$4, IF(DU$4=DS$4, $B$3, IF(DU$4>DS$4, $B$2, $B$4)), "")))))) -> 3 | DT19: 0 | DU19: =SUM(DS19,DT19) -> 3 | DV19: Jerseys | DW19: =IF(DV19="Out", VALUE($D19), IF(OR(DY$3="", DY$4=""),"", IF(DV19=DV$3, IF(DW$3=DY$3, $B$3, IF(DW$3>DY$3, $B$2, $B$4)), IF(DV19=DX$3, IF(DY$3=DW$3, $B$3, IF(DY$3>DW$3, $B$2, $B$4)), IF(DV19=DV$4, IF(DW$4=DY$4, $B$3, IF(DW$4>DY$4, $B$2, $B$4)), IF(DV19=DX$4, IF(DY$4=DW$4, $B$3, IF(DY$4>DW$4, $B$2, $B$4)), "")))))) -> 0 | DX19: 1 | DY19: =SUM(DW19,DX19) -> 1 | DZ19: =SUM(DI19,DM19,DQ19,DU19,DY19) -> 6 | EA19: Pink | EB19: =IF(EA19="Out", VALUE($D19), IF(OR(ED$3="", ED$4=""),"", IF(EA19=EA$3, IF(EB$3=ED$3, $B$3, IF(EB$3>ED$3, $B$2, $B$4)), IF(EA19=EC$3, IF(ED$3=EB$3, $B$3, IF(ED$3>EB$3, $B$2, $B$4)), IF(EA19=EA$4, IF(EB$4=ED$4, $B$3, IF(EB$4>ED$4, $B$2, $B$4)), IF(EA19=EC$4, IF(ED$4=EB$4, $B$3, IF(ED$4>EB$4, $B$2, $B$4)), "")))))) -> 1 | EC19: 0 | ED19: =SUM(EB19,EC19) -> 1 | EE19: Yellow | EF19: =IF(EE19="Out", VALUE($D19), IF(OR(EH$3="", EH$4=""),"", IF(EE19=EE$3, IF(EF$3=EH$3, $B$3, IF(EF$3>EH$3, $B$2, $B$4)), IF(EE19=EG$3, IF(EH$3=EF$3, $B$3, IF(EH$3>EF$3, $B$2, $B$4)), IF(EE19=EE$4, IF(EF$4=EH$4, $B$3, IF(EF$4>EH$4, $B$2, $B$4)), IF(EE19=EG$4, IF(EH$4=EF$4, $B$3, IF(EH$4>EF$4, $B$2, $B$4)), "")))))) -> 0 | EG19: 1 | EH19: =SUM(EF19,EG19) -> 1 | EI19: Jerseys | EJ19: =IF(EI19="Out", VALUE($D19), IF(OR(EL$3="", EL$4=""),"", IF(EI19=EI$3, IF(EJ$3=EL$3, $B$3, IF(EJ$3>EL$3, $B$2, $B$4)), IF(EI19=EK$3, IF(EL$3=EJ$3, $B$3, IF(EL$3>EJ$3, $B$2, $B$4)), IF(EI19=EI$4, IF(EJ$4=EL$4, $B$3, IF(EJ$4>EL$4, $B$2, $B$4)), IF(EI19=EK$4, IF(EL$4=EJ$4, $B$3, IF(EL$4>EJ$4, $B$2, $B$4)), "")))))) -> 3 | EK19: 0 | EL19: =SUM(EJ19,EK19) -> 3 | EM19: Jerseys | EN19: =IF(EM19="Out", VALUE($D19), IF(OR(EP$3="", EP$4=""),"", IF(EM19=EM$3, IF(EN$3=EP$3, $B$3, IF(EN$3>EP$3, $B$2, $B$4)), IF(EM19=EO$3, IF(EP$3=EN$3, $B$3, IF(EP$3>EN$3, $B$2, $B$4)), IF(EM19=EM$4, IF(EN$4=EP$4, $B$3, IF(EN$4>EP$4, $B$2, $B$4)), IF(EM19=EO$4, IF(EP$4=EN$4, $B$3, IF(EP$4>EN$4, $B$2, $B$4)), "")))))) -> 1 | EO19: 1 | EP19: =SUM(EN19,EO19) -> 2 | EQ19: Blue | ER19: =IF(EQ19="Out", VALUE($D19), IF(OR(ET$3="", ET$4=""),"", IF(EQ19=EQ$3, IF(ER$3=ET$3, $B$3, IF(ER$3>ET$3, $B$2, $B$4)), IF(EQ19=ES$3, IF(ET$3=ER$3, $B$3, IF(ET$3>ER$3, $B$2, $B$4)), IF(EQ19=EQ$4, IF(ER$4=ET$4, $B$3, IF(ER$4>ET$4, $B$2, $B$4)), IF(EQ19=ES$4, IF(ET$4=ER$4, $B$3, IF(ET$4>ER$4, $B$2, $B$4)), "")))))) -> 3 | ES19: 0 | ET19: =SUM(ER19,ES19) -> 3 | EU19: =SUM(ED19,EH19,EL19,EP19,ET19) -> 10 | EV19: Pink | EW19: =IF(EV19="Out", VALUE($D19), IF(OR(EY$3="", EY$4=""),"", IF(EV19=EV$3, IF(EW$3=EY$3, $B$3, IF(EW$3>EY$3, $B$2, $B$4)), IF(EV19=EX$3, IF(EY$3=EW$3, $B$3, IF(EY$3>EW$3, $B$2, $B$4)), IF(EV19=EV$4, IF(EW$4=EY$4, $B$3, IF(EW$4>EY$4, $B$2, $B$4)), IF(EV19=EX$4, IF(EY$4=EW$4, $B$3, IF(EY$4>EW$4, $B$2, $B$4)), "")))))) -> 0 | EX19: 0 | EY19: =SUM(EW19,EX19) -> 0 | EZ19: Yellow | FA19: =IF(EZ19="Out", VALUE($D19), IF(OR(FC$3="", FC$4=""),"", IF(EZ19=EZ$3, IF(FA$3=FC$3, $B$3, IF(FA$3>FC$3, $B$2, $B$4)), IF(EZ19=FB$3, IF(FC$3=FA$3, $B$3, IF(FC$3>FA$3, $B$2, $B$4)), IF(EZ19=EZ$4, IF(FA$4=FC$4, $B$3, IF(FA$4>FC$4, $B$2, $B$4)), IF(EZ19=FB$4, IF(FC$4=FA$4, $B$3, IF(FC$4>FA$4, $B$2, $B$4)), "")))))) -> 0 | FB19: 0 | FC19: =SUM(FA19,FB19) -> 0 | FD19: Pink | FE19: =IF(FD19="Out", VALUE($D19), IF(OR(FG$3="", FG$4=""),"", IF(FD19=FD$3, IF(FE$3=FG$3, $B$3, IF(FE$3>FG$3, $B$2, $B$4)), IF(FD19=FF$3, IF(FG$3=FE$3, $B$3, IF(FG$3>FE$3, $B$2, $B$4)), IF(FD19=FD$4, IF(FE$4=FG$4, $B$3, IF(FE$4>FG$4, $B$2, $B$4)), IF(FD19=FF$4, IF(FG$4=FE$4, $B$3, IF(FG$4>FE$4, $B$2, $B$4)), "")))))) -> 3 | FF19: 0 | FG19: =SUM(FE19,FF19) -> 3 | FH19: Yellow | FI19: =IF(FH19="Out", VALUE($D19), IF(OR(FK$3="", FK$4=""),"", IF(FH19=FH$3, IF(FI$3=FK$3, $B$3, IF(FI$3>FK$3, $B$2, $B$4)), IF(FH19=FJ$3, IF(FK$3=FI$3, $B$3, IF(FK$3>FI$3, $B$2, $B$4)), IF(FH19=FH$4, IF(FI$4=FK$4, $B$3, IF(FI$4>FK$4, $B$2, $B$4)), IF(FH19=FJ$4, IF(FK$4=FI$4, $B$3, IF(FK$4>FI$4, $B$2, $B$4)), "")))))) -> 1 | FJ19: 0 | FK19: =SUM(FI19,FJ19) -> 1 | FL19: =SUM(EU19,EY19,FC19,FG19,FK19) -> 14
